date,event_day,return,market_return,industry_return,smb,hml,abnormal_return,asset,case,expected_return,cumulative_abnormal_return
2020-09-09,-5,0.02500625051332439,0.029375781875125684,0.031119802047138156,-0.0018,-0.0199,-0.011365348804844085,Datadog,Snowflake IPO,0.036371599318168475,-0.011365348804844085
2020-09-10,-4,-0.01597956982612747,-0.019936693707984565,-0.010693833941296305,0.0031,-0.0006,-0.0144613377493417,Datadog,Snowflake IPO,-0.0015182320767857724,-0.025826686554185782
2020-09-11,-3,-0.0038427862356527065,-0.006939796417249289,-0.012783317231460534,-0.0084,0.009,0.014814279809680649,Datadog,Snowflake IPO,-0.018657066045333355,-0.011012406744505134
2020-09-14,-2,0.0501493124525656,0.017415386365272623,0.025647737275300064,0.0118999999999999,-0.008,0.013475002348528393,Datadog,Snowflake IPO,0.036674310104037204,0.00246259560402326
2020-09-15,-1,0.04917646114342733,0.014173549369745908,0.023053825325238864,-0.0027,-0.0146,0.019408455033518596,Datadog,Snowflake IPO,0.029768006109908735,0.021871050637541856
2020-09-16,0,0.009487195947649019,-0.01594643533993756,-0.021891044314478025,0.0076,0.0132,0.029512891537882762,Datadog,Snowflake IPO,-0.020025695590233743,0.05138394217542462
2020-09-17,1,-0.02383080464165621,-0.01562207587554254,-0.004703691898238466,0.0036,0.002,-0.02741769450711438,Datadog,Snowflake IPO,0.003586889865458171,0.02396624766831024
2020-09-18,2,-0.017879628178724905,-0.012762696483998526,0.0028630204973999207,0.0079,-0.0021,-0.033555332649779585,Datadog,Snowflake IPO,0.015675704471054683,-0.009589084981469344
2020-09-21,3,0.028591397811167818,0.002398226327978481,0.021216655851219346,-0.0202,-0.019,0.003727163413605107,Datadog,Snowflake IPO,0.02486423439756271,-0.005861921567864237
2020-09-22,4,0.05979129009478834,0.01857874860479991,0.007082307529450604,-0.0017,-0.016,0.05076356227859537,Datadog,Snowflake IPO,0.009027727816192974,0.04490164071073113
2020-09-23,5,-0.024729740899531838,-0.03053437679373927,-0.028481348317241667,-0.0069999999999999,0.0016,0.0008960537705521819,Datadog,Snowflake IPO,-0.02562579467008402,0.04579769448128332
2020-09-24,6,-0.02996702275812413,0.004656310453044377,0.002390571693976551,-0.0021,0.0038,-0.030945256377789936,Datadog,Snowflake IPO,0.0009782336196658076,0.014852438103493383
2020-09-25,7,0.02580059645166255,0.023248737969021382,0.0350782605728035,0.0015,-0.0134,-0.017177411418880663,Datadog,Snowflake IPO,0.04297800787054321,-0.00232497331538728
2020-09-28,8,0.0176502862348471,0.020768944981377713,0.002945429165818636,0.0072,0.0105,0.020092827479413232,Datadog,Snowflake IPO,-0.00244254124456613,0.017767854164025952
2020-09-29,9,-0.014417364022273005,-0.004509379310800421,0.0035094582694386034,0.0075,-0.0132,-0.031624112908741085,Datadog,Snowflake IPO,0.01720674888646808,-0.013856258744715133
2020-09-30,10,0.12362522788746833,0.006849009049658683,0.002725300182413487,-0.0073,0.0016,0.12489611516345843,Datadog,Snowflake IPO,-0.0012708872759901089,0.1110398564187433
2020-10-01,11,0.01321454997776006,0.015872457962266218,0.010522367916917796,0.0105,-0.0054,-0.0033994833109210823,Datadog,Snowflake IPO,0.016614033288681142,0.10764037310782221
2020-10-02,12,-0.00019325931840485921,-0.02813109810949954,-0.010312675045917291,0.0108,0.0243,0.0030619951216847427,Datadog,Snowflake IPO,-0.003255254440089602,0.11070236822950695
2020-10-05,13,0.032853431211338435,0.02132625917969344,0.01585651136863281,0.0102,-0.0009,0.013521148351717128,Datadog,Snowflake IPO,0.019332282859621307,0.12422351658122407
2020-10-06,14,-0.027785585533371737,-0.017846944369797724,0.0013876478509775858,0.0074,0.0025,-0.04162663409413872,Datadog,Snowflake IPO,0.013841048560766981,0.08259688248708535
2020-10-07,15,0.004907641890075309,0.017299061281704997,0.02547198215821722,0.0058,0.0016,-0.024905864288650797,Datadog,Snowflake IPO,0.029813506178726107,0.05769101819843456
2020-10-08,16,-0.016949120347543256,0.005322914271578716,-0.0005283181265747505,-0.0003,0.0107,-0.012329599439633902,Datadog,Snowflake IPO,-0.004619520907909354,0.045361418758800655
2020-10-09,17,0.08893431645948535,0.015280152578128536,0.018838739994949782,0.0001,-0.0141999999999999,0.06362178230027632,Datadog,Snowflake IPO,0.025312534159209032,0.10898320105907697
2020-10-12,18,0.0036675555001082216,0.030870489615360652,0.006513227690515155,-0.0083,-0.0009,0.009172790608644885,Datadog,Snowflake IPO,-0.005505235108536662,0.11815599166772185
2020-10-13,19,0.04162215619750964,-3.398555551725746e-05,0.007006675803876761,0.0018,-0.0174,0.02309462941689902,Datadog,Snowflake IPO,0.01852752678061062,0.1412506210846209
2020-10-14,20,-0.028407629133227807,-0.008352544977732967,-0.008165405804476139,0.0008,0.0003,-0.02401863815885337,Datadog,Snowflake IPO,-0.004388990974374439,0.11723198292576752
2020-10-15,21,-0.0022897589541407415,-0.006710920603513637,0.0005162659997197117,0.009,0.0113999999999999,-0.008147315216781794,Datadog,Snowflake IPO,0.005857556262641053,0.10908466770898573
2020-10-16,22,-0.008209023723719566,-0.005480855927053163,-0.0005139695839260494,-0.0018,0.0005,-0.010904814378636638,Datadog,Snowflake IPO,0.0026957906549170724,0.09817985333034909
2020-10-19,23,-0.006229947885722065,-0.016325332963256667,-0.009518667647666984,0.0034,0.0032,-0.0034989954448409366,Datadog,Snowflake IPO,-0.002730952440881128,0.09468085788550816
2020-10-20,24,-0.027494243449147637,0.002149456995698129,-0.008382829102101613,-0.0024,0.0126,-0.012486272569742118,Datadog,Snowflake IPO,-0.01500797087940552,0.08219458531576604
2020-10-21,25,-0.059121451196744945,-0.0007735354518840776,-0.013486292129799626,-0.0046999999999999,0.0040999999999999,-0.04087411369940155,Datadog,Snowflake IPO,-0.018247337497343398,0.04132047161636449
2020-10-22,26,-0.031613935454888,-3.52220892325672e-05,-0.009621212085497266,0.0060999999999999,0.0103,-0.02107501956063201,Datadog,Snowflake IPO,-0.010538915894255988,0.02024545205573248
2020-10-23,27,0.0317363989505457,0.001970573485208904,0.007997186187536531,0.0042,0.0004,0.018204433287141303,Datadog,Snowflake IPO,0.013531965663404392,0.03844988534287379
2020-10-26,28,-0.022727269330028887,-0.014996098757175447,-0.03257543452091352,-0.0028,-0.0039,0.009941124183757685,Datadog,Snowflake IPO,-0.03266839351378657,0.04839100952663147
2020-10-27,29,0.015737767253455548,0.007808330416353204,0.009986936692251619,-0.0007,-0.0233,-0.004399246512141321,Datadog,Snowflake IPO,0.02013701376559687,0.04399176301449015
2020-10-28,30,-0.04243563578462295,-0.03898672918311119,-0.0303321733144028,0.0002,0.0056999999999999,-0.019911703766727296,Datadog,Snowflake IPO,-0.022523932017895654,0.024080059247762853
2020-10-29,31,-0.0063897261155050344,0.017486378088101384,0.009757984177309692,0.0016,0.0027,-0.01386965214041841,Datadog,Snowflake IPO,0.007479926024913375,0.010210407107344444
2020-10-30,32,-0.058707638700503884,-0.025362746098268385,-0.01876578502330528,-0.0079,0.0185,-0.03646017822680968,Datadog,Snowflake IPO,-0.022247460473694202,-0.026249771119465234
2020-11-02,33,-0.026666646489755474,0.002227359464844536,-0.01382334420583961,0.0052,0.01,-0.009623566299535945,Datadog,Snowflake IPO,-0.01704308019021953,-0.03587333741900118
2020-11-03,34,0.020491311231439324,0.0172975135940443,0.011821849877106438,0.0101,-0.0019,0.004318933325293508,Datadog,Snowflake IPO,0.016172377906145816,-0.031554404093707675
2020-11-04,35,0.08298206575972733,0.044638667533507315,0.049941934811931626,-0.0149,-0.0503,0.024219480612737043,Datadog,Snowflake IPO,0.05876258514699029,-0.0073349234809706315
2020-11-05,36,0.044355604177769514,0.026070931270619768,0.027387716377149318,0.0098999999999999,0.0054,0.01492412289898894,Datadog,Snowflake IPO,0.029431481278780574,0.007589199418018309
2020-11-06,37,-0.015693953134038652,0.000747208438396596,0.0017398202037727517,-0.0086,-0.0092,-0.0189661468129521,Datadog,Snowflake IPO,0.0032721936789134503,-0.011376947394933792
2020-11-09,38,-0.054409558221176435,-0.02043375755403587,-0.02856918613540943,0.0079,0.0673,-0.007647241990987541,Datadog,Snowflake IPO,-0.046762316230188894,-0.019024189385921333
2020-11-10,39,-0.024133216674645297,-0.01791462966756152,-0.03249573077461332,0.0155,0.0215,0.0075377506998245275,Datadog,Snowflake IPO,-0.031670967374469824,-0.011486438686096806
2020-11-11,40,-0.06231097989357903,0.022369614132797144,0.036721812804923926,-0.0054,-0.0178,-0.10584996831734769,Datadog,Snowflake IPO,0.04353898842376866,-0.1173364070034445
2020-11-12,41,0.03662328962474426,-0.0046935940892626205,0.001277701595488373,-0.0022,-0.0118999999999999,0.027544940481172567,Datadog,Snowflake IPO,0.009078349143571692,-0.08979146652227193
2020-11-13,42,-0.04655040930967502,0.008772534094452666,-0.0028837282148399257,0.006,0.0115,-0.04051345599912099,Datadog,Snowflake IPO,-0.00603695331055403,-0.13030492252139292
2020-11-16,43,0.006292250261565879,0.007802631520978265,-0.0053546216414671055,0.0079,0.0197999999999999,0.01719691566887598,Datadog,Snowflake IPO,-0.0109046654073101,-0.11310800685251694
2020-11-17,44,0.020032372803523213,-0.00317197528867319,0.017093900795580236,0.0062,-0.0001,-0.008132376211148137,Datadog,Snowflake IPO,0.02816474901467135,-0.12124038306366508
2020-11-18,45,-0.008968024962818677,-0.007390439467968579,-0.006761967092789811,-0.0004,0.0003,-0.005355345737748041,Datadog,Snowflake IPO,-0.003612679225070636,-0.12659572880141312
2020-11-19,46,0.01821301583400814,0.007824685966941525,0.019578277957128742,0.0046999999999999,-0.0077,-0.010845479802336501,Datadog,Snowflake IPO,0.02905849563634464,-0.13744120860374962
2020-11-20,47,0.002249937558954196,-0.006840413046718452,0.0012337558106272628,0.0067,-0.006,-0.00991233058826843,Datadog,Snowflake IPO,0.012162268147222625,-0.14735353919201805
2020-11-23,48,0.02188803073064416,3.447126336753037e-05,0.004284631334788569,0.0088,0.0155,0.01558316162188631,Datadog,Snowflake IPO,0.006304869108757849,-0.13177037757013174
2020-11-24,49,-0.02043058646360718,0.014050023645630905,0.005487887283926768,-0.0012,0.0278,-0.013077814044382938,Datadog,Snowflake IPO,-0.007352772419224243,-0.14484819161451468
2020-11-25,50,0.04855350769496902,0.006146628013347755,-0.011175955972112767,0.0,-0.0132,0.057753273359562846,Datadog,Snowflake IPO,-0.009199765664593827,-0.08709491825495183
2020-11-27,51,0.031119623208599734,0.009214293902983783,0.010673589138918194,0.0046,-0.0162,0.010647605565767753,Datadog,Snowflake IPO,0.02047201764283198,-0.07644731268918407
2020-11-30,52,0.025928231149927594,0.0020400164932292686,0.017338289487135117,-0.0098,-0.0207,-0.00011332732220021083,Datadog,Snowflake IPO,0.026041558472127805,-0.07656064001138428
2020-12-01,53,-0.03285483279578438,0.012816221882617329,-0.008201433693231647,-0.0025,0.0052,-0.016613878965742436,Datadog,Snowflake IPO,-0.016240953830041947,-0.09317451897712672
2020-12-02,54,-0.02268211780576468,0.001285225925722111,-0.03262654855467609,-0.0009,0.0107,0.020941079414433517,Datadog,Snowflake IPO,-0.043623197220198195,-0.07223343956269321
2020-12-03,55,0.04128342898771731,0.001415147826703489,0.00423728067207349,0.0051,-0.001,0.031272033809546185,Datadog,Snowflake IPO,0.01001139517817112,-0.04096140575314702
2020-12-04,56,0.04324156797535017,0.004075161822497675,0.013827029635558263,0.0147,0.0083,0.020859906403014706,Datadog,Snowflake IPO,0.022381661572335464,-0.020101499350132317
2020-12-07,57,-0.02372743959787227,0.005662513251303958,0.007508344554030433,0.0024,-0.0102,-0.03825771813897401,Datadog,Snowflake IPO,0.014530278541101742,-0.05835921748910633
2020-12-08,58,0.006958398411953448,0.0033848935554821047,0.003422333868500882,0.0101,-0.0069,-0.0060005869981102355,Datadog,Snowflake IPO,0.012958985410063684,-0.06435980448721657
2020-12-09,59,-0.042063064721335364,-0.022641054827798768,-0.014232041085825015,-0.0006,0.0128,-0.030270879085461142,Datadog,Snowflake IPO,-0.011792185635874221,-0.0946306835726777
2020-12-10,60,0.06147409471631926,0.004015769356749743,0.041221652350939025,0.0111,-0.0046,0.001679950601245296,Datadog,Snowflake IPO,0.059794144115073965,-0.09295073297143241
2020-12-11,61,-0.025115684556506257,-0.0022146731934661323,0.020298941208578725,-0.0036,-0.0073,-0.05466120787672685,Datadog,Snowflake IPO,0.029545523320220587,-0.14761194084815926
2020-12-14,62,0.03323896923168124,0.007255267176158986,-0.0028560146572293443,0.0056999999999999,-0.0151,0.02883330714574883,Datadog,Snowflake IPO,0.004405662085932409,-0.11877863370241043
2020-12-15,63,-0.010169094751831365,0.010689382675503456,-0.002757602359158895,0.0106,0.0038,-0.008753232259294672,Datadog,Snowflake IPO,-0.0014158624925366932,-0.1275318659617051
2020-12-16,64,0.03279659769562593,0.005499698637807082,0.017353691384739967,-0.0042,-0.0039,0.011549531138702634,Datadog,Snowflake IPO,0.021247066556923294,-0.11598233482300246
2020-12-17,65,0.03969386681347009,0.006537604187480062,0.03664026307791318,0.0068,-0.0069999999999999,-0.012083195471675613,Datadog,Snowflake IPO,0.051777062285145704,-0.12806553029467807
2020-12-18,66,-0.009015600322470063,-0.0030225158887661197,0.015190859325408756,0.0006,-0.0116999999999999,-0.036242798515654276,Datadog,Snowflake IPO,0.02722719819318421,-0.16430832881033236
2020-12-21,67,-0.011697011900778764,-0.0036766565820666175,-0.005484857380285396,0.0014,-0.0006,-0.009479817635884898,Datadog,Snowflake IPO,-0.002217194264893867,-0.17378814644621726
2020-12-22,68,0.04330265498775443,0.0027191386164016063,0.021023251363475937,0.0121,-0.0163,0.0034593408240379472,Datadog,Snowflake IPO,0.03984331416371648,-0.1703288056221793
2020-12-23,69,-0.032682067735587905,-0.005036148984415734,-0.02114584055082286,0.0039,0.0203,-0.004780186502197924,Datadog,Snowflake IPO,-0.02790188123338998,-0.17510899212437722
2020-12-24,70,-0.010796757592610784,0.004412671309853566,0.00012706600135481416,-0.004,-0.0019,-0.010202880129412065,Datadog,Snowflake IPO,-0.0005938774631987177,-0.18531187225378928
2020-12-28,71,-0.05701917226380537,0.010078805859264683,-0.0163621586046509,-0.0073,0.0036,-0.029778204695117168,Datadog,Snowflake IPO,-0.027240967568688206,-0.21509007694890644
2020-12-29,72,-0.012971493074470875,0.0008954803180745152,-0.002439222737025709,-0.0152,0.0024,-0.0032525888516947467,Datadog,Snowflake IPO,-0.009718904222776128,-0.2183426658006012
2020-12-30,73,0.0039425737653406845,3.198417017613586e-05,0.001199757936674234,0.0101,0.0006,-0.004732048865986193,Datadog,Snowflake IPO,0.008674622631326878,-0.22307471466658738
2020-12-31,74,-0.008760398132868663,0.0024602645961868674,-0.0014913466439306633,-0.0086,0.0044,-0.002211038583831512,Datadog,Snowflake IPO,-0.006549359549037151,-0.22528575325041889
2021-01-04,75,-0.07324257319847405,-0.014119949045934166,-0.022854744718778963,0.002,0.0056999999999999,-0.05126472487673053,Datadog,Snowflake IPO,-0.02197784832174351,-0.2765504781271494
2021-01-05,76,0.019730300955058233,0.008244116947709434,0.004388409703339258,0.0121999999999999,0.005,0.010858468088363037,Datadog,Snowflake IPO,0.008871832866695196,-0.26569201003878634
2021-01-06,77,-0.01827364259431241,-0.013852295932646475,-0.033471351084629064,0.0214,0.0394,0.019931961658559295,Datadog,Snowflake IPO,-0.03820560425287171,-0.24576004838022705
2021-01-07,78,0.05814078016133584,0.02419198229397046,0.018370130514420047,0.0032,-0.0081,0.03762556632066496,Datadog,Snowflake IPO,0.020515213840670878,-0.2081344820595621
2021-01-08,79,0.034147382787662606,0.012857920032089076,0.020619031910855956,-0.0075,-0.0138,0.009649954938670564,Datadog,Snowflake IPO,0.024497427848992042,-0.1984845271208915
2021-01-11,80,0.04312585004308622,-0.014450005859015347,-0.007642152412671799,0.0026,0.0126,0.048163676737760265,Datadog,Snowflake IPO,-0.005037826694674044,-0.15032085038313125
2021-01-12,81,0.012757811329061841,-0.0015902295612455486,-0.003794593770369975,0.0128,0.0124,0.012768045239487736,Datadog,Snowflake IPO,-1.0233910425894513e-05,-0.13755280514364351
2021-01-13,82,-0.006914219968490953,0.0067532971027841615,0.009162169060252467,-0.0093999999999999,-0.0045,-0.014980635366741143,Datadog,Snowflake IPO,0.00806641539825019,-0.15253344051038464
2021-01-14,83,-0.028707698426656547,-0.005347431957071436,-0.015891349789790454,0.0202,0.0113,-0.019149282227246493,Datadog,Snowflake IPO,-0.009558416199410055,-0.17168272273763113
2021-01-15,84,-0.01963864956715322,-0.007921172907924712,-0.004598915528280317,-0.005,-0.0074,-0.019503456229348518,Datadog,Snowflake IPO,-0.00013519333780470308,-0.19118617896697965
2021-01-19,85,-0.0075120195063084205,0.014589939473695468,0.009681633414163088,0.0088,-0.0079,-0.02364933053749159,Datadog,Snowflake IPO,0.01613731103118317,-0.21483550950447122
2021-01-20,86,0.05237665388248347,0.02326091231749472,0.02031531740051612,-0.0039,-0.011,0.0315647699215691,Datadog,Snowflake IPO,0.020811883960914372,-0.18327073958290213
2021-01-21,87,-0.009014216076044579,0.00799949478264117,0.005146632024924547,-0.0054,-0.0096,-0.015489037387820507,Datadog,Snowflake IPO,0.006474821311775928,-0.19875977697072264
2021-01-22,88,0.016063515782230864,-0.0028801690342508124,0.0023749880764411813,0.0186,-0.0011,-0.00016966793973090602,Datadog,Snowflake IPO,0.01623318372196177,-0.19892944491045356
2021-01-25,89,0.03780953543526788,0.008266153932863451,-0.008934136642042373,-0.0003,-0.0043,0.04851292083197541,Datadog,Snowflake IPO,-0.01070338539670753,-0.15041652407847814
2021-01-26,90,-0.05001380670445732,0.0014629575683708929,-0.007276732058914048,-0.0001,0.0004,-0.04239838725667702,Datadog,Snowflake IPO,-0.007615419447780294,-0.19281491133515516
2021-01-27,91,-0.05332299866758283,-0.027876696686438662,-0.014796882532963379,0.0132,0.0155,-0.04885257003602723,Datadog,Snowflake IPO,-0.004470428631555604,-0.24166748137118238
2021-01-28,92,0.020408163265306145,0.00591683527462572,0.03483181949572167,-0.0192,-0.0093,-0.017036027186638505,Datadog,Snowflake IPO,0.03744419045194465,-0.25870350855782087
2021-01-29,93,0.02750000000000008,-0.02103824726607828,-0.010198096821570496,0.0059,0.0059,0.02898110125379192,Datadog,Snowflake IPO,-0.0014811012537918403,-0.22972240730402896
2021-02-01,94,-0.009343056783188919,0.024987334467652778,0.01832815196191423,0.0093,-0.0147,-0.03505573163552684,Datadog,Snowflake IPO,0.02571267485233792,-0.2647781389395558
2021-02-02,95,0.041457915146353,0.01631405939143349,0.03413490515127282,-0.0088,-0.0103,0.0033228912211053785,Datadog,Snowflake IPO,0.03813502392524762,-0.2614552477184504
2021-02-03,96,0.04254310363129954,-0.003967247992021972,-0.0023314521152158485,0.0040999999999999,0.0073,0.04228090107123614,Datadog,Snowflake IPO,0.0002622025600634015,-0.21917434664721427
2021-02-04,97,0.012667404708673002,0.011826660009238044,0.013789581727426059,0.0039,0.0038,-0.0028439665594010826,Datadog,Snowflake IPO,0.015511371268074085,-0.22201831320661536
2021-02-05,98,0.026626191973620594,0.0033914581828584645,0.012541968823329253,0.0107,-0.0049,0.0026701110237409877,Datadog,Snowflake IPO,0.023956080949879607,-0.21934820218287437
2021-02-08,99,0.013228865299223402,0.006699665979124747,-0.0037947303056553028,0.021,0.0039,0.009152178424166242,Datadog,Snowflake IPO,0.00407668687505716,-0.21019602375870813
2021-02-09,100,0.012283115681728463,-0.00020977519472820116,-0.005959410131228721,0.0064,-0.0006,0.013922777780180716,Datadog,Snowflake IPO,-0.001639662098452254,-0.1962732459785274
2021-02-10,101,-0.019516295733074118,-0.002278821454741675,0.009032798008405202,-0.0059,0.0079,-0.02808898940397189,Datadog,Snowflake IPO,0.00857269367089777,-0.2243622353824993
2021-02-11,102,0.017741197474871795,0.005499583988777257,0.00518013227058528,-0.0005,-0.0069999999999999,0.008736472752105788,Datadog,Snowflake IPO,0.009004724722766007,-0.2156257626303935
2021-02-12,103,-0.04030610480673269,0.005589173620107468,0.002080192312419432,-0.0012,0.0046,-0.040685193937004524,Datadog,Snowflake IPO,0.0003790891302718328,-0.25631095656739805
2021-02-16,104,-0.04696086322076176,-0.0027047217390184786,-0.006178242021066066,-0.0064,0.0192999999999999,-0.03208697484737021,Datadog,Snowflake IPO,-0.014873888373391549,-0.28839793141476827
2021-02-17,105,-0.04165113266294529,-0.004798282851939173,-0.0015989205795745032,-0.0084,0.006,-0.03731456770449305,Datadog,Snowflake IPO,-0.0043365649584522405,-0.3257124991192613
2021-02-18,106,0.03220799025853349,-0.004372148315816782,-0.007999725367718119,-0.0153,-0.0021,0.04520480499552153,Datadog,Snowflake IPO,-0.012996814736988035,-0.28050769412373977
2021-02-19,107,-0.012687955401887274,-0.004361332456183642,0.00337088548128181,0.0177,0.0073,-0.027149069950466485,Datadog,Snowflake IPO,0.01446111454857921,-0.3076567640742063
2021-02-22,108,-0.05092818608372329,-0.025919844290464455,-0.016460947663132275,-0.0004,0.0313,-0.03079510581706211,Datadog,Snowflake IPO,-0.020133080266661184,-0.3384518698912684
2021-02-23,109,-0.010330981051399513,-0.00297727157861738,-0.012197884808544862,-0.0125,0.0089,0.011184061808939237,Datadog,Snowflake IPO,-0.02151504286033875,-0.3272678080823292
2021-02-24,110,0.006993031865925481,0.008243106276978107,0.01739523495956108,0.0118999999999999,0.0144,-0.01452922587872995,Datadog,Snowflake IPO,0.02152225774465543,-0.34179703396105915
2021-02-25,111,-0.0438808432323754,-0.03486261111381017,-0.029272174028761866,-0.0111,0.0088,-0.014185759125284633,Datadog,Snowflake IPO,-0.029695084107090767,-0.3559827930863438
2021-02-26,112,0.004315828022203982,0.004187667846442977,-0.012689088292633405,0.0068,-0.016,0.010153539385264046,Datadog,Snowflake IPO,-0.005837711363060064,-0.34582925370107975
2021-03-01,113,0.023058346754009085,0.03008206929648516,0.024318721403676247,0.0109,0.0023,-0.0026167134116709054,Datadog,Snowflake IPO,0.02567506016567999,-0.34844596711275067
2021-03-02,114,-0.04200387714869336,-0.016038822275540543,-0.015609505154378062,-0.0109,0.0125,-0.020790128869152713,Datadog,Snowflake IPO,-0.021213748279540645,-0.3692360959819034
2021-03-03,115,-0.0375361143839662,-0.02902007038787513,-0.0413118587002031,-0.0019,0.0356,0.014939597159898302,Datadog,Snowflake IPO,-0.0524757115438645,-0.3542964988220051
2021-03-04,116,-0.05555555555555558,-0.016366921654341726,-0.03483463681153526,-0.0135,0.017,-0.007340530407549145,Datadog,Snowflake IPO,-0.048215025148006435,-0.3616370292295542
2021-03-05,117,-0.032941212373621354,0.015060790793626655,0.006032760352108341,0.0022,0.0062,-0.035689756303721065,Datadog,Snowflake IPO,0.002748543930099709,-0.3973267855332753
2021-03-08,118,-0.05693431239568747,-0.02831408073653463,-0.02467636771351911,0.006,0.0371,-0.028498339618332633,Datadog,Snowflake IPO,-0.028435972777354837,-0.4258251251516079
2021-03-09,119,0.057791583474407826,0.039441176488543395,0.04132297797352158,0.0128,-0.0323,0.0005217163731662602,Datadog,Snowflake IPO,0.057269867101241566,-0.42530340877844164
2021-03-10,120,-0.015853695753144104,-0.002854617706068985,-0.022927337916217594,0.0077,0.0182,0.012427964362314439,Datadog,Snowflake IPO,-0.028281660115458542,-0.4128754444161272
