case,listing_date,asset,code,market,alpha,beta_market,beta_industry,r_squared,n_estimation,sigma,car_m1_p1,t_m1_p1,p_m1_p1,car_0_p5,t_0_p5,p_0_p5,car_0_p20,t_0_p20,p_0_p20
LG Energy Solution IPO,2022-01-27,LG Chem,051910,KOSPI,-0.0013450338218457159,0.4861749367516789,0.39050956693425964,0.19618264575978628,231,0.022588069263424902,0.046391431745910525,1.1857633910288652,0.23571575263443556,-0.023935999200617813,-0.4326102705032598,0.6652979267931902,-0.08553710542258662,-0.8263533489528683,0.4086036786946432
LG Energy Solution IPO,2022-01-27,Samsung SDI,006400,KOSPI,-7.328610197597892e-05,0.9228567712688802,0.2483530422688215,0.37936295877371307,231,0.015714132152975437,-0.06342391964353096,-2.3302474945980576,0.019793074064534677,-0.12224217545021325,-3.1758138893266046,0.0014941677663840025,-0.10313396528678934,-1.4321933974759047,0.1520884807788121
LG Energy Solution IPO,2022-01-27,SK Innovation,096770,KOSPI,0.00022908609249336896,0.7577756011907858,0.37491104754510274,0.19093507913272856,231,0.025919093422490703,-0.04715558934313662,-1.0503952340181486,0.29353643597234624,-0.054326379992173754,-0.855687789591056,0.3921704959602823,-0.051322748516883,-0.43209620490616657,0.6656714928528311
Doosan Robotics IPO,2023-10-05,Doosan Corp,000150,KOSPI,-7.147007012208824e-05,1.0327829552229355,0.2637693640943603,0.263061895059739,231,0.027864794057812798,-0.16448530800191916,-3.4080868014174266,0.0006542008078147532,-0.24679730596643365,-3.615837893610187,0.00029937768738008685,-0.35020284307765365,-2.74254765394991,0.006096460323516295
Doosan Robotics IPO,2023-10-05,Rainbow Robotics,277810,KOSDAQ,0.00528817495515976,0.09314084558041102,1.141637271863039,0.3448025795986762,231,0.046579133857915456,0.006782496563379325,0.08406932229761327,0.9330013155334216,0.07357609631223977,0.6448663392948002,0.5190138068401848,0.17761337890172754,0.8320982725837971,0.40535347680850076
Doosan Robotics IPO,2023-10-05,Robostar,090360,KOSDAQ,-7.43904196083462e-05,0.47366207671830696,0.47899767062355497,0.3107861649720435,231,0.03236139156723732,-0.013817151042280162,-0.2465078133960848,0.8052891568097571,-0.018549069357852173,-0.2340018611160499,0.8149835338113496,-0.0050140996271137925,-0.033810852657201,0.9730279817257006
Krafton IPO,2021-08-10,NCSoft,036570,KOSPI,-0.001596973089366726,0.7084794811054799,0.1860015851980766,0.2161074178496043,231,0.019601299583211607,-0.020996047315542866,-0.6184321359961905,0.5362905197463095,0.004966889804744889,0.10344846080747754,0.9176070522629174,-0.23158373502980575,-2.5781818117028745,0.009932172449385046
Krafton IPO,2021-08-10,Netmarble,251270,KOSPI,-0.0011948989527807972,0.7500327526578966,0.20435726275338836,0.18467379688375696,231,0.022879540354345793,0.02353651461844174,0.5939285859893514,0.5525598785847821,0.006728984973262402,0.1200678234503784,0.9044294211243293,-0.017080627414468745,-0.16290967478218815,0.8705895532204673
Krafton IPO,2021-08-10,Pearl Abyss,263750,KOSDAQ,0.003098220916268783,0.41542960961255165,0.3002651617948863,0.08414619205006024,231,0.03176416013775784,-0.0411057232093326,-0.7471439590159944,0.4549766677004694,-0.10110957604832366,-1.2995089872433754,0.19376931121606145,0.21321877255755264,1.464800281336869,0.14297541510733525
