date,open,high,low,close,adj_close,volume,foreign_ownership,code,name,source
2020-09-08,31.719999313354492,33.33000183105469,31.049999237060547,32.380001068115234,31.16745948791504,52000000,,GM.US,General Motors,yahoo-finance-chart
2020-09-09,32.11000061035156,32.75,31.729999542236328,31.950000762939453,30.75356674194336,22375200,,GM.US,General Motors,yahoo-finance-chart
2020-09-10,31.81999969482422,31.8799991607666,30.139999389648438,30.170000076293945,29.04022216796875,24845100,,GM.US,General Motors,yahoo-finance-chart
2020-09-11,30.299999237060547,30.56999969482422,29.8700008392334,30.459999084472656,29.319360733032227,13638700,,GM.US,General Motors,yahoo-finance-chart
2020-09-14,30.719999313354492,31.559999465942383,30.540000915527344,31.18000030517578,30.012399673461914,11972100,,GM.US,General Motors,yahoo-finance-chart
2020-09-15,31.360000610351562,33.13999938964844,30.829999923706055,31.579999923706055,30.397424697875977,21096300,,GM.US,General Motors,yahoo-finance-chart
2020-09-16,32.68000030517578,32.790000915527344,31.739999771118164,31.790000915527344,30.599557876586914,16397800,,GM.US,General Motors,yahoo-finance-chart
2020-09-17,31.309999465942383,31.950000762939453,30.950000762939453,31.920000076293945,30.72469139099121,11459900,,GM.US,General Motors,yahoo-finance-chart
2020-09-18,31.850000381469727,32.04999923706055,31.360000610351562,31.5,30.320419311523438,15039900,,GM.US,General Motors,yahoo-finance-chart
2020-09-21,30.299999237060547,30.420000076293945,29.15999984741211,30.0,28.876590728759766,20577900,,GM.US,General Motors,yahoo-finance-chart
2020-09-22,29.850000381469727,30.360000610351562,29.329999923706055,29.440000534057617,28.33755874633789,11106800,,GM.US,General Motors,yahoo-finance-chart
2020-09-23,29.489999771118164,29.989999771118164,29.200000762939453,29.34000015258789,28.241304397583008,10899600,,GM.US,General Motors,yahoo-finance-chart
2020-09-24,29.049999237060547,29.59000015258789,28.239999771118164,29.110000610351562,28.01991844177246,12393700,,GM.US,General Motors,yahoo-finance-chart
2020-09-25,28.860000610351562,29.219999313354492,28.559999465942383,29.0,27.91403579711914,9350400,,GM.US,General Motors,yahoo-finance-chart
2020-09-28,29.81999969482422,30.040000915527344,29.3799991607666,29.440000534057617,28.33755874633789,8395700,,GM.US,General Motors,yahoo-finance-chart
2020-09-29,29.270000457763672,29.399999618530273,28.5,28.739999771118164,27.66377067565918,7419900,,GM.US,General Motors,yahoo-finance-chart
2020-09-30,28.889999389648438,29.81999969482422,28.889999389648438,29.59000015258789,28.48194122314453,11522000,,GM.US,General Motors,yahoo-finance-chart
2020-10-01,29.520000457763672,30.510000228881836,29.149999618530273,30.3799991607666,29.24235725402832,15052900,,GM.US,General Motors,yahoo-finance-chart
2020-10-02,29.649999618530273,30.899999618530273,29.59000015258789,30.459999084472656,29.319360733032227,9474000,,GM.US,General Motors,yahoo-finance-chart
2020-10-05,30.850000381469727,31.290000915527344,30.799999237060547,30.959999084472656,29.800636291503906,8314100,,GM.US,General Motors,yahoo-finance-chart
2020-10-06,31.270000457763672,31.450000762939453,30.299999237060547,30.399999618530273,29.261608123779297,10293700,,GM.US,General Motors,yahoo-finance-chart
2020-10-07,30.850000381469727,31.760000228881836,30.809999465942383,31.6200008392334,30.435924530029297,11794500,,GM.US,General Motors,yahoo-finance-chart
2020-10-08,31.899999618530273,32.63999938964844,31.799999237060547,32.209999084472656,31.003828048706055,17323300,,GM.US,General Motors,yahoo-finance-chart
2020-10-09,32.29999923706055,32.68000030517578,32.02000045776367,32.15999984741211,30.955703735351562,9411700,,GM.US,General Motors,yahoo-finance-chart
2020-10-12,32.36000061035156,32.66999816894531,32.119998931884766,32.209999084472656,31.003828048706055,6932600,,GM.US,General Motors,yahoo-finance-chart
2020-10-13,32.130001068115234,32.279998779296875,31.469999313354492,31.8700008392334,30.676563262939453,7842100,,GM.US,General Motors,yahoo-finance-chart
2020-10-14,32.08000183105469,32.2400016784668,31.530000686645508,31.670000076293945,30.484054565429688,8006200,,GM.US,General Motors,yahoo-finance-chart
2020-10-15,30.989999771118164,32.689998626708984,30.950000762939453,32.59000015258789,31.369606018066406,11829800,,GM.US,General Motors,yahoo-finance-chart
2020-10-16,32.880001068115234,33.470001220703125,32.68000030517578,33.45000076293945,32.1973991394043,11947300,,GM.US,General Motors,yahoo-finance-chart
2020-10-19,33.5,33.869998931884766,33.04999923706055,33.349998474121094,32.101139068603516,10527300,,GM.US,General Motors,yahoo-finance-chart
2020-10-20,33.959999084472656,36.369998931884766,33.77000045776367,35.599998474121094,34.26689147949219,38660900,,GM.US,General Motors,yahoo-finance-chart
2020-10-21,36.099998474121094,36.279998779296875,35.130001068115234,35.77000045776367,34.43052673339844,23277900,,GM.US,General Motors,yahoo-finance-chart
2020-10-22,35.900001525878906,37.43000030517578,35.880001068115234,37.40999984741211,36.00910186767578,23288900,,GM.US,General Motors,yahoo-finance-chart
2020-10-23,37.4900016784668,38.029998779296875,36.779998779296875,36.83000183105469,35.450828552246094,16296300,,GM.US,General Motors,yahoo-finance-chart
2020-10-26,36.27000045776367,36.43000030517578,35.20000076293945,35.81999969482422,34.478641510009766,15448100,,GM.US,General Motors,yahoo-finance-chart
2020-10-27,35.54999923706055,35.849998474121094,34.75,34.88999938964844,33.58346176147461,11168600,,GM.US,General Motors,yahoo-finance-chart
2020-10-28,33.72999954223633,34.630001068115234,33.54999923706055,34.09000015258789,32.81343460083008,15010800,,GM.US,General Motors,yahoo-finance-chart
2020-10-29,34.5099983215332,35.65999984741211,34.36000061035156,34.88999938964844,33.58346176147461,14230400,,GM.US,General Motors,yahoo-finance-chart
2020-10-30,34.459999084472656,35.029998779296875,33.959999084472656,34.529998779296875,33.23695373535156,13074000,,GM.US,General Motors,yahoo-finance-chart
2020-11-02,35.119998931884766,35.380001068115234,34.380001068115234,34.54999923706055,33.25620651245117,14648400,,GM.US,General Motors,yahoo-finance-chart
2020-11-03,35.099998474121094,35.9900016784668,34.88999938964844,35.349998474121094,34.0262451171875,11439100,,GM.US,General Motors,yahoo-finance-chart
2020-11-04,35.310001373291016,35.77000045776367,34.22999954223633,35.2400016784668,33.92036819458008,14740600,,GM.US,General Motors,yahoo-finance-chart
2020-11-05,36.900001525878906,37.25,35.34000015258789,37.13999938964844,35.74921798706055,35075000,,GM.US,General Motors,yahoo-finance-chart
2020-11-06,37.5,38.13999938964844,37.0099983215332,37.470001220703125,36.066864013671875,18089200,,GM.US,General Motors,yahoo-finance-chart
2020-11-09,38.720001220703125,39.720001220703125,38.630001068115234,38.959999084472656,37.50105667114258,22100800,,GM.US,General Motors,yahoo-finance-chart
2020-11-10,39.75,41.59000015258789,39.560001373291016,41.08000183105469,39.54167938232422,26746900,,GM.US,General Motors,yahoo-finance-chart
2020-11-11,41.290000915527344,41.77000045776367,40.11000061035156,40.560001373291016,39.04114532470703,19841100,,GM.US,General Motors,yahoo-finance-chart
2020-11-12,40.11000061035156,40.2400016784668,38.810001373291016,39.31999969482422,37.84758758544922,20239900,,GM.US,General Motors,yahoo-finance-chart
2020-11-13,39.689998626708984,41.31999969482422,39.599998474121094,41.189998626708984,39.64755630493164,15004300,,GM.US,General Motors,yahoo-finance-chart
2020-11-16,41.77000045776367,42.150001525878906,40.91999816894531,42.130001068115234,40.5523567199707,16692100,,GM.US,General Motors,yahoo-finance-chart
2020-11-17,41.849998474121094,42.540000915527344,41.13999938964844,41.97999954223633,40.4079704284668,16088200,,GM.US,General Motors,yahoo-finance-chart
2020-11-18,42.189998626708984,44.130001068115234,42.060001373291016,42.720001220703125,41.12026596069336,27632500,,GM.US,General Motors,yahoo-finance-chart
2020-11-19,42.61000061035156,43.189998626708984,42.18000030517578,42.81999969482422,41.216522216796875,17214500,,GM.US,General Motors,yahoo-finance-chart
2020-11-20,42.810001373291016,43.31999969482422,42.369998931884766,43.040000915527344,41.42828369140625,16881200,,GM.US,General Motors,yahoo-finance-chart
2020-11-23,43.959999084472656,45.15999984741211,43.560001373291016,44.77000045776367,43.0934944152832,22569600,,GM.US,General Motors,yahoo-finance-chart
2020-11-24,45.90999984741211,46.709999084472656,45.06999969482422,46.459999084472656,44.720211029052734,20048700,,GM.US,General Motors,yahoo-finance-chart
2020-11-25,45.61000061035156,46.060001373291016,44.63999938964844,45.459999084472656,43.75765609741211,16122300,,GM.US,General Motors,yahoo-finance-chart
2020-11-27,45.349998474121094,45.59000015258789,44.75,45.060001373291016,43.37263488769531,7528800,,GM.US,General Motors,yahoo-finance-chart
2020-11-30,44.959999084472656,45.31999969482422,43.619998931884766,43.84000015258789,42.19831466674805,21600500,,GM.US,General Motors,yahoo-finance-chart
2020-12-01,44.779998779296875,45.45000076293945,44.0,44.68000030517578,43.006866455078125,12984400,,GM.US,General Motors,yahoo-finance-chart
2020-12-02,44.0,44.599998474121094,43.66999816894531,44.58000183105469,42.910614013671875,11280700,,GM.US,General Motors,yahoo-finance-chart
2020-12-03,44.790000915527344,44.869998931884766,43.959999084472656,44.09000015258789,42.438961029052734,13437800,,GM.US,General Motors,yahoo-finance-chart
2020-12-04,44.400001525878906,44.7400016784668,44.130001068115234,44.400001525878906,42.73734664916992,11895200,,GM.US,General Motors,yahoo-finance-chart
2020-12-07,44.400001525878906,44.400001525878906,43.58000183105469,44.310001373291016,42.650726318359375,9207500,,GM.US,General Motors,yahoo-finance-chart
2020-12-08,43.720001220703125,44.18000030517578,43.41999816894531,43.79999923706055,42.159820556640625,10160400,,GM.US,General Motors,yahoo-finance-chart
2020-12-09,44.130001068115234,44.54999923706055,43.90999984741211,44.43000030517578,42.766231536865234,12470500,,GM.US,General Motors,yahoo-finance-chart
2020-12-10,43.83000183105469,43.880001068115234,42.459999084472656,42.869998931884766,41.2646484375,18235600,,GM.US,General Motors,yahoo-finance-chart
2020-12-11,42.47999954223633,42.68000030517578,41.619998931884766,41.91999816894531,40.350223541259766,15555600,,GM.US,General Motors,yahoo-finance-chart
2020-12-14,42.4900016784668,42.540000915527344,41.41999816894531,41.619998931884766,40.06145095825195,9995700,,GM.US,General Motors,yahoo-finance-chart
2020-12-15,41.9900016784668,42.15999984741211,41.310001373291016,41.65999984741211,40.099952697753906,12510300,,GM.US,General Motors,yahoo-finance-chart
2020-12-16,41.790000915527344,41.869998931884766,40.810001373291016,41.41999816894531,39.86894226074219,15134100,,GM.US,General Motors,yahoo-finance-chart
2020-12-17,41.709999084472656,42.029998779296875,41.43000030517578,42.029998779296875,40.45610427856445,12081600,,GM.US,General Motors,yahoo-finance-chart
2020-12-18,42.02000045776367,42.04999923706055,40.59000015258789,41.0099983215332,39.47428894042969,21808300,,GM.US,General Motors,yahoo-finance-chart
2020-12-21,40.2599983215332,41.5,40.060001373291016,41.209999084472656,39.666805267333984,15533900,,GM.US,General Motors,yahoo-finance-chart
2020-12-22,41.349998474121094,41.400001525878906,40.54999923706055,40.900001525878906,39.36841583251953,10559000,,GM.US,General Motors,yahoo-finance-chart
2020-12-23,41.18000030517578,42.88999938964844,41.099998474121094,42.45000076293945,40.86036682128906,17573100,,GM.US,General Motors,yahoo-finance-chart
2020-12-24,42.060001373291016,42.20000076293945,41.209999084472656,41.58000183105469,40.02295684814453,7825400,,GM.US,General Motors,yahoo-finance-chart
2020-12-28,42.0,42.189998626708984,41.630001068115234,41.65999984741211,40.099952697753906,10471400,,GM.US,General Motors,yahoo-finance-chart
2020-12-29,41.88999938964844,42.130001068115234,41.369998931884766,41.56999969482422,40.013328552246094,7987700,,GM.US,General Motors,yahoo-finance-chart
2020-12-30,41.650001525878906,42.20000076293945,41.56999969482422,41.84000015258789,40.27321243286133,6491900,,GM.US,General Motors,yahoo-finance-chart
2020-12-31,41.7599983215332,41.79999923706055,41.20000076293945,41.63999938964844,40.08070373535156,11101300,,GM.US,General Motors,yahoo-finance-chart
2021-01-04,41.95000076293945,42.119998931884766,40.13999938964844,40.5099983215332,38.993011474609375,15768100,,GM.US,General Motors,yahoo-finance-chart
2021-01-05,40.060001373291016,41.84000015258789,40.040000915527344,41.65999984741211,40.099952697753906,18045800,,GM.US,General Motors,yahoo-finance-chart
2021-01-06,41.91999816894531,43.849998474121094,41.86000061035156,42.97999954223633,41.37052917480469,22694900,,GM.US,General Motors,yahoo-finance-chart
2021-01-07,43.97999954223633,43.97999954223633,42.959999084472656,43.31999969482422,41.697792053222656,13625700,,GM.US,General Motors,yahoo-finance-chart
2021-01-08,43.310001373291016,43.4900016784668,42.31999969482422,43.060001373291016,41.44752502441406,18426200,,GM.US,General Motors,yahoo-finance-chart
2021-01-11,43.02000045776367,45.279998779296875,42.630001068115234,45.0099983215332,43.32450866699219,25864100,,GM.US,General Motors,yahoo-finance-chart
2021-01-12,46.29999923706055,48.95000076293945,45.650001525878906,47.81999969482422,46.02928161621094,63889300,,GM.US,General Motors,yahoo-finance-chart
2021-01-13,50.779998779296875,50.970001220703125,48.060001373291016,48.72999954223633,46.905208587646484,49229700,,GM.US,General Motors,yahoo-finance-chart
2021-01-14,49.5,51.869998931884766,49.33000183105469,51.529998779296875,49.60034942626953,36839800,,GM.US,General Motors,yahoo-finance-chart
2021-01-15,51.29999923706055,51.400001525878906,49.2599983215332,49.970001220703125,48.09877395629883,25293700,,GM.US,General Motors,yahoo-finance-chart
2021-01-19,53.689998626708984,55.13999938964844,52.2599983215332,54.84000015258789,52.78640365600586,64144000,,GM.US,General Motors,yahoo-finance-chart
2021-01-20,56.22999954223633,56.599998474121094,54.849998474121094,55.86000061035156,53.76820373535156,47428500,,GM.US,General Motors,yahoo-finance-chart
2021-01-21,56.33000183105469,56.970001220703125,54.7599983215332,55.08000183105469,53.017425537109375,39843100,,GM.US,General Motors,yahoo-finance-chart
2021-01-22,54.5,55.77000045776367,54.27000045776367,55.400001525878906,53.325439453125,23895600,,GM.US,General Motors,yahoo-finance-chart
2021-01-25,54.95000076293945,55.15999984741211,51.02000045776367,53.38999938964844,51.39069747924805,39844200,,GM.US,General Motors,yahoo-finance-chart
2021-01-26,53.38999938964844,53.59000015258789,51.810001373291016,52.040000915527344,50.09126281738281,21648200,,GM.US,General Motors,yahoo-finance-chart
2021-01-27,50.79999923706055,50.86000061035156,48.709999084472656,49.34000015258789,47.49236297607422,38315200,,GM.US,General Motors,yahoo-finance-chart
2021-01-28,49.880001068115234,53.0,49.560001373291016,51.040000915527344,49.12869644165039,37573400,,GM.US,General Motors,yahoo-finance-chart
2021-01-29,50.70000076293945,51.779998779296875,49.959999084472656,50.68000030517578,48.78218078613281,26466800,,GM.US,General Motors,yahoo-finance-chart
2021-02-01,51.459999084472656,51.95000076293945,50.439998626708984,51.5099983215332,49.58110046386719,21451300,,GM.US,General Motors,yahoo-finance-chart
2021-02-02,52.29999923706055,52.97999954223633,51.959999084472656,52.720001220703125,50.74578857421875,20457400,,GM.US,General Motors,yahoo-finance-chart
2021-02-03,53.29999923706055,55.04999923706055,53.189998626708984,54.25,52.218502044677734,30706500,,GM.US,General Motors,yahoo-finance-chart
2021-02-04,53.34000015258789,54.560001373291016,52.970001220703125,54.130001068115234,52.10300064086914,19243300,,GM.US,General Motors,yahoo-finance-chart
2021-02-05,54.81999969482422,55.04999923706055,54.150001525878906,54.40999984741211,52.37250900268555,17250200,,GM.US,General Motors,yahoo-finance-chart
2021-02-08,56.0,57.04999923706055,55.66999816894531,56.880001068115234,54.75000762939453,26990000,,GM.US,General Motors,yahoo-finance-chart
2021-02-09,56.540000915527344,56.939998626708984,55.7400016784668,56.060001373291016,53.960716247558594,25168800,,GM.US,General Motors,yahoo-finance-chart
2021-02-10,55.61000061035156,55.689998626708984,52.5099983215332,54.880001068115234,52.82490158081055,55329800,,GM.US,General Motors,yahoo-finance-chart
2021-02-11,53.61000061035156,53.79999923706055,52.349998474121094,53.5,51.496585845947266,29871400,,GM.US,General Motors,yahoo-finance-chart
2021-02-12,53.0,54.189998626708984,52.959999084472656,53.599998474121094,51.592838287353516,15317400,,GM.US,General Motors,yahoo-finance-chart
2021-02-16,53.709999084472656,53.9900016784668,53.220001220703125,53.459999084472656,51.45808410644531,18541600,,GM.US,General Motors,yahoo-finance-chart
2021-02-17,52.84000015258789,53.33000183105469,52.08000183105469,52.88999938964844,50.909427642822266,13989700,,GM.US,General Motors,yahoo-finance-chart
2021-02-18,52.560001373291016,52.619998931884766,51.599998474121094,52.15999984741211,50.20675277709961,17615900,,GM.US,General Motors,yahoo-finance-chart
2021-02-19,52.5,53.290000915527344,52.220001220703125,52.56999969482422,50.601409912109375,15354400,,GM.US,General Motors,yahoo-finance-chart
2021-02-22,52.0,52.93000030517578,51.880001068115234,51.97999954223633,50.03350067138672,14501300,,GM.US,General Motors,yahoo-finance-chart
2021-02-23,51.0,51.380001068115234,49.349998474121094,51.11000061035156,49.19607925415039,21202700,,GM.US,General Motors,yahoo-finance-chart
2021-02-24,51.95000076293945,53.209999084472656,51.290000915527344,52.900001525878906,50.9190559387207,18375000,,GM.US,General Motors,yahoo-finance-chart
2021-02-25,52.70000076293945,52.93000030517578,50.54999923706055,50.599998474121094,48.70518112182617,20628900,,GM.US,General Motors,yahoo-finance-chart
2021-02-26,50.869998931884766,51.72999954223633,49.91999816894531,51.33000183105469,49.407840728759766,17125100,,GM.US,General Motors,yahoo-finance-chart
2021-03-01,52.40999984741211,52.81999969482422,51.81999969482422,52.540000915527344,50.57253646850586,15385300,,GM.US,General Motors,yahoo-finance-chart
2021-03-02,52.599998474121094,55.290000915527344,52.189998626708984,54.11000061035156,52.083736419677734,36267200,,GM.US,General Motors,yahoo-finance-chart
2021-03-03,54.5,54.880001068115234,52.65999984741211,52.66999816894531,50.69766616821289,19667200,,GM.US,General Motors,yahoo-finance-chart
2021-03-04,52.9900016784668,54.18000030517578,50.25,51.83000183105469,49.88911819458008,26231900,,GM.US,General Motors,yahoo-finance-chart
2021-03-05,52.59000015258789,53.9900016784668,50.47999954223633,53.75,51.737220764160156,25190000,,GM.US,General Motors,yahoo-finance-chart
2021-03-08,54.290000915527344,56.20000076293945,53.7400016784668,54.97999954223633,52.92115783691406,24450500,,GM.US,General Motors,yahoo-finance-chart
2021-03-09,55.36000061035156,55.43000030517578,54.029998779296875,54.650001525878906,52.603519439697266,17902200,,GM.US,General Motors,yahoo-finance-chart
2021-03-10,55.0,56.95000076293945,54.880001068115234,56.83000183105469,54.70188522338867,22760600,,GM.US,General Motors,yahoo-finance-chart
2021-03-11,56.869998931884766,57.16999816894531,55.939998626708984,56.33000183105469,54.220611572265625,20244700,,GM.US,General Motors,yahoo-finance-chart
2021-03-12,56.0,59.619998931884766,55.70000076293945,59.2599983215332,57.040889739990234,29829600,,GM.US,General Motors,yahoo-finance-chart
2021-03-15,59.310001373291016,59.310001373291016,57.209999084472656,57.939998626708984,55.77031326293945,19660100,,GM.US,General Motors,yahoo-finance-chart
2021-03-16,58.36000061035156,58.56999969482422,56.79999923706055,57.119998931884766,54.98102569580078,16177000,,GM.US,General Motors,yahoo-finance-chart
2021-03-17,57.2400016784668,60.119998931884766,57.150001525878906,60.04999923706055,57.80130386352539,23746200,,GM.US,General Motors,yahoo-finance-chart
2021-03-18,60.060001373291016,62.2400016784668,58.880001068115234,59.27000045776367,57.05051803588867,34798000,,GM.US,General Motors,yahoo-finance-chart
2021-03-19,59.34000015258789,60.31999969482422,58.18000030517578,59.81999969482422,57.57991409301758,23346200,,GM.US,General Motors,yahoo-finance-chart
2021-03-22,58.75,58.93000030517578,56.5099983215332,58.099998474121094,55.9243278503418,30094900,,GM.US,General Motors,yahoo-finance-chart
2021-03-23,56.9900016784668,57.7599983215332,55.709999084472656,56.15999984741211,54.056976318359375,21280800,,GM.US,General Motors,yahoo-finance-chart
2021-03-24,56.68000030517578,57.47999954223633,55.709999084472656,55.810001373291016,53.72008514404297,20567200,,GM.US,General Motors,yahoo-finance-chart
2021-03-25,54.599998474121094,56.81999969482422,54.25,56.599998474121094,54.480499267578125,16178500,,GM.US,General Motors,yahoo-finance-chart
2021-03-26,57.0099983215332,57.34000015258789,55.349998474121094,56.52000045776367,54.40348434448242,16358900,,GM.US,General Motors,yahoo-finance-chart
2021-03-29,56.08000183105469,57.20000076293945,55.7400016784668,55.939998626708984,53.84521484375,16058400,,GM.US,General Motors,yahoo-finance-chart
2021-03-30,56.599998474121094,58.630001068115234,56.400001525878906,58.5099983215332,56.3189697265625,19606800,,GM.US,General Motors,yahoo-finance-chart
2021-03-31,58.279998779296875,58.58000183105469,57.27000045776367,57.459999084472656,55.308284759521484,20761300,,GM.US,General Motors,yahoo-finance-chart
2021-04-01,57.91999816894531,58.220001220703125,57.040000915527344,57.79999923706055,55.635562896728516,17783600,,GM.US,General Motors,yahoo-finance-chart
2021-04-05,59.0,61.189998626708984,58.75,61.040000915527344,58.75423049926758,24633000,,GM.US,General Motors,yahoo-finance-chart
2021-04-06,60.5,63.439998626708984,60.439998626708984,61.939998626708984,59.62052536010742,39518700,,GM.US,General Motors,yahoo-finance-chart
2021-04-07,61.86000061035156,61.869998931884766,60.689998626708984,60.83000183105469,58.55209732055664,17167900,,GM.US,General Motors,yahoo-finance-chart
2021-04-08,60.36000061035156,60.75,58.810001373291016,60.09000015258789,57.83980178833008,19016300,,GM.US,General Motors,yahoo-finance-chart
2021-04-09,59.560001373291016,60.380001068115234,59.41999816894531,60.15999984741211,57.907188415527344,12182300,,GM.US,General Motors,yahoo-finance-chart
2021-04-12,60.20000076293945,60.290000915527344,59.290000915527344,59.65999984741211,57.4259147644043,10231000,,GM.US,General Motors,yahoo-finance-chart
2021-04-13,59.22999954223633,59.540000915527344,57.88999938964844,58.4900016784668,56.29972457885742,17416600,,GM.US,General Motors,yahoo-finance-chart
2021-04-14,58.59000015258789,59.650001525878906,58.25,58.47999954223633,56.29009246826172,14618100,,GM.US,General Motors,yahoo-finance-chart
2021-04-15,59.45000076293945,59.529998779296875,58.369998931884766,58.61000061035156,56.415225982666016,14395700,,GM.US,General Motors,yahoo-finance-chart
2021-04-16,59.0099983215332,59.310001373291016,58.279998779296875,58.709999084472656,56.511478424072266,11087300,,GM.US,General Motors,yahoo-finance-chart
2021-04-19,58.56999969482422,58.7400016784668,57.22999954223633,57.880001068115234,55.71255874633789,12262500,,GM.US,General Motors,yahoo-finance-chart
2021-04-20,57.119998931884766,57.279998779296875,54.91999816894531,55.77000045776367,53.68157196044922,23736100,,GM.US,General Motors,yahoo-finance-chart
2021-04-21,55.279998779296875,57.5,54.709999084472656,57.4900016784668,55.33716583251953,14648700,,GM.US,General Motors,yahoo-finance-chart
2021-04-22,57.540000915527344,57.79999923706055,56.130001068115234,56.65999984741211,54.53824996948242,15822200,,GM.US,General Motors,yahoo-finance-chart
2021-04-23,56.77000045776367,57.7400016784668,56.43000030517578,57.529998779296875,55.37566375732422,10803300,,GM.US,General Motors,yahoo-finance-chart
2021-04-26,57.86000061035156,58.58000183105469,57.65999984741211,58.209999084472656,56.03020477294922,11553900,,GM.US,General Motors,yahoo-finance-chart
2021-04-27,58.27000045776367,59.099998474121094,58.02000045776367,58.970001220703125,56.76174545288086,9293500,,GM.US,General Motors,yahoo-finance-chart
2021-04-28,59.0,59.0,58.27000045776367,58.54999923706055,56.35747146606445,10485200,,GM.US,General Motors,yahoo-finance-chart
2021-04-29,57.7400016784668,57.75,55.689998626708984,56.56999969482422,54.45162582397461,21315600,,GM.US,General Motors,yahoo-finance-chart
2021-04-30,56.18000030517578,57.34000015258789,56.09000015258789,57.220001220703125,55.07727813720703,15348300,,GM.US,General Motors,yahoo-finance-chart
2021-05-03,57.599998474121094,58.34000015258789,56.709999084472656,57.150001525878906,55.00989532470703,11585100,,GM.US,General Motors,yahoo-finance-chart
2021-05-04,56.54999923706055,56.59000015258789,54.81999969482422,55.34000015258789,53.267677307128906,22262300,,GM.US,General Motors,yahoo-finance-chart
2021-05-05,57.09000015258789,57.88999938964844,56.33000183105469,57.58000183105469,55.423805236816406,26805500,,GM.US,General Motors,yahoo-finance-chart
2021-05-06,57.43000030517578,58.77000045776367,57.43000030517578,58.720001220703125,56.521114349365234,20108100,,GM.US,General Motors,yahoo-finance-chart
2021-05-07,58.0,59.04999923706055,57.27000045776367,58.9900016784668,56.78099822998047,15480500,,GM.US,General Motors,yahoo-finance-chart
2021-05-10,59.0,59.58000183105469,57.36000061035156,57.40999984741211,55.260162353515625,14591600,,GM.US,General Motors,yahoo-finance-chart
2021-05-11,56.150001525878906,56.75,54.869998931884766,55.72999954223633,53.64307403564453,22773200,,GM.US,General Motors,yahoo-finance-chart
2021-05-12,55.540000915527344,55.709999084472656,53.52000045776367,53.7599983215332,51.74684143066406,19348700,,GM.US,General Motors,yahoo-finance-chart
2021-05-13,54.43000030517578,55.5099983215332,54.130001068115234,54.599998474121094,52.55539321899414,13308600,,GM.US,General Motors,yahoo-finance-chart
2021-05-14,55.119998931884766,56.040000915527344,55.0099983215332,56.0,53.9029655456543,11313000,,GM.US,General Motors,yahoo-finance-chart
2021-05-17,55.84000015258789,56.119998931884766,55.189998626708984,56.040000915527344,53.94145965576172,11041000,,GM.US,General Motors,yahoo-finance-chart
2021-05-18,56.22999954223633,56.810001373291016,55.849998474121094,55.88999938964844,53.79707717895508,11464400,,GM.US,General Motors,yahoo-finance-chart
2021-05-19,55.0,55.619998931884766,54.119998931884766,55.529998779296875,53.4505615234375,11693700,,GM.US,General Motors,yahoo-finance-chart
2021-05-20,55.91999816894531,56.040000915527344,55.189998626708984,55.5099983215332,53.43132019042969,11504000,,GM.US,General Motors,yahoo-finance-chart
2021-05-21,56.0099983215332,58.779998779296875,55.77000045776367,56.720001220703125,54.59600067138672,15150900,,GM.US,General Motors,yahoo-finance-chart
2021-05-24,57.04999923706055,57.20000076293945,56.31999969482422,56.599998474121094,54.480499267578125,8943000,,GM.US,General Motors,yahoo-finance-chart
2021-05-25,56.869998931884766,58.16999816894531,56.709999084472656,56.7599983215332,54.63449478149414,16362200,,GM.US,General Motors,yahoo-finance-chart
2021-05-26,56.970001220703125,58.16999816894531,56.77000045776367,58.08000183105469,55.90507507324219,14242700,,GM.US,General Motors,yahoo-finance-chart
2021-05-27,60.0,60.720001220703125,59.209999084472656,59.77000045776367,57.531795501708984,33843800,,GM.US,General Motors,yahoo-finance-chart
2021-05-28,59.880001068115234,59.9900016784668,58.59000015258789,59.310001373291016,57.08901596069336,12668100,,GM.US,General Motors,yahoo-finance-chart
2021-06-01,59.9900016784668,60.25,59.25,59.650001525878906,57.41627883911133,10429000,,GM.US,General Motors,yahoo-finance-chart
2021-06-02,60.2599983215332,60.2599983215332,59.130001068115234,59.650001525878906,57.41627883911133,11975400,,GM.US,General Motors,yahoo-finance-chart
2021-06-03,61.56999969482422,63.68000030517578,60.709999084472656,63.459999084472656,61.08361053466797,38547800,,GM.US,General Motors,yahoo-finance-chart
2021-06-04,63.56999969482422,63.880001068115234,62.38999938964844,63.369998931884766,60.99697494506836,21072300,,GM.US,General Motors,yahoo-finance-chart
2021-06-07,63.97999954223633,64.30000305175781,62.630001068115234,63.22999954223633,60.86223220825195,15549700,,GM.US,General Motors,yahoo-finance-chart
2021-06-08,63.02000045776367,63.970001220703125,62.43000030517578,63.91999816894531,61.52638244628906,13027200,,GM.US,General Motors,yahoo-finance-chart
2021-06-09,63.95000076293945,64.16000366210938,62.689998626708984,62.77000045776367,60.419456481933594,14371300,,GM.US,General Motors,yahoo-finance-chart
2021-06-10,62.83000183105469,63.04999923706055,61.16999816894531,61.34000015258789,59.042999267578125,16141900,,GM.US,General Motors,yahoo-finance-chart
2021-06-11,61.36000061035156,62.0099983215332,61.15999984741211,61.4900016784668,59.18738555908203,10205000,,GM.US,General Motors,yahoo-finance-chart
2021-06-14,61.470001220703125,61.63999938964844,60.310001373291016,60.790000915527344,58.51359176635742,15443300,,GM.US,General Motors,yahoo-finance-chart
2021-06-15,60.68000030517578,61.11000061035156,59.97999954223633,60.810001373291016,58.5328483581543,10737000,,GM.US,General Motors,yahoo-finance-chart
2021-06-16,62.459999084472656,63.09000015258789,61.20000076293945,61.7599983215332,59.447261810302734,31080000,,GM.US,General Motors,yahoo-finance-chart
2021-06-17,61.81999969482422,62.400001525878906,59.36000061035156,60.08000183105469,57.83018493652344,19712100,,GM.US,General Motors,yahoo-finance-chart
2021-06-18,59.279998779296875,59.59000015258789,58.40999984741211,58.7599983215332,56.55961227416992,25602800,,GM.US,General Motors,yahoo-finance-chart
2021-06-21,59.75,59.75,58.81999969482422,59.29999923706055,57.07939147949219,12276900,,GM.US,General Motors,yahoo-finance-chart
2021-06-22,59.540000915527344,59.599998474121094,59.02000045776367,59.2400016784668,57.02163314819336,8928500,,GM.US,General Motors,yahoo-finance-chart
2021-06-23,59.849998474121094,60.43000030517578,59.459999084472656,60.119998931884766,57.86868667602539,11527900,,GM.US,General Motors,yahoo-finance-chart
2021-06-24,60.38999938964844,60.5,59.7599983215332,60.040000915527344,57.79167556762695,14445300,,GM.US,General Motors,yahoo-finance-chart
2021-06-25,60.290000915527344,60.58000183105469,60.02000045776367,60.29999923706055,58.04193878173828,14255100,,GM.US,General Motors,yahoo-finance-chart
2021-06-28,60.310001373291016,60.380001068115234,58.43000030517578,58.63999938964844,56.44410705566406,17152700,,GM.US,General Motors,yahoo-finance-chart
2021-06-29,59.20000076293945,59.54999923706055,58.70000076293945,58.83000183105469,56.62699890136719,12171800,,GM.US,General Motors,yahoo-finance-chart
2021-06-30,58.7400016784668,59.470001220703125,58.61000061035156,59.16999816894531,56.95425796508789,12330500,,GM.US,General Motors,yahoo-finance-chart
2021-07-01,59.439998626708984,59.72999954223633,58.779998779296875,59.11000061035156,56.89650344848633,11752100,,GM.US,General Motors,yahoo-finance-chart
2021-07-02,59.11000061035156,59.31999969482422,58.52000045776367,58.959999084472656,56.75212860107422,9689700,,GM.US,General Motors,yahoo-finance-chart
2021-07-06,58.91999816894531,58.93000030517578,57.0099983215332,57.459999084472656,55.308284759521484,16155600,,GM.US,General Motors,yahoo-finance-chart
2021-07-07,57.34000015258789,57.400001525878906,56.130001068115234,56.59000015258789,54.47087097167969,13077600,,GM.US,General Motors,yahoo-finance-chart
2021-07-08,55.29999923706055,56.59000015258789,54.86000061035156,56.060001373291016,53.960716247558594,14087400,,GM.US,General Motors,yahoo-finance-chart
2021-07-09,58.79999923706055,58.91999816894531,57.88999938964844,58.7599983215332,56.55961227416992,24361300,,GM.US,General Motors,yahoo-finance-chart
2021-07-12,58.560001373291016,59.16999816894531,57.81999969482422,58.970001220703125,56.76174545288086,14513200,,GM.US,General Motors,yahoo-finance-chart
2021-07-13,59.040000915527344,59.2599983215332,58.2599983215332,58.72999954223633,56.530738830566406,14604200,,GM.US,General Motors,yahoo-finance-chart
2021-07-14,58.88999938964844,59.36000061035156,57.709999084472656,58.0,55.82807159423828,12520500,,GM.US,General Motors,yahoo-finance-chart
2021-07-15,57.119998931884766,57.689998626708984,56.59000015258789,56.95000076293945,54.8173942565918,12103400,,GM.US,General Motors,yahoo-finance-chart
2021-07-16,57.47999954223633,57.47999954223633,55.369998931884766,55.459999084472656,53.3831787109375,13611400,,GM.US,General Motors,yahoo-finance-chart
2021-07-19,53.900001525878906,54.43000030517578,52.630001068115234,54.18000030517578,52.15111541748047,20942100,,GM.US,General Motors,yahoo-finance-chart
2021-07-20,54.2599983215332,56.380001068115234,54.119998931884766,56.150001525878906,54.0473518371582,13292000,,GM.US,General Motors,yahoo-finance-chart
2021-07-21,56.79999923706055,57.470001220703125,56.560001373291016,57.04999923706055,54.91364669799805,11035200,,GM.US,General Motors,yahoo-finance-chart
2021-07-22,56.75,56.7599983215332,55.4900016784668,55.63999938964844,53.55644226074219,12019900,,GM.US,General Motors,yahoo-finance-chart
2021-07-23,55.310001373291016,55.790000915527344,54.810001373291016,54.939998626708984,52.882652282714844,14536000,,GM.US,General Motors,yahoo-finance-chart
2021-07-26,55.2400016784668,55.90999984741211,55.099998474121094,55.77000045776367,53.68157196044922,9589000,,GM.US,General Motors,yahoo-finance-chart
2021-07-27,55.209999084472656,55.36000061035156,54.220001220703125,55.0,52.94041442871094,13374900,,GM.US,General Motors,yahoo-finance-chart
2021-07-28,55.41999816894531,55.86000061035156,54.689998626708984,55.4900016784668,53.41205978393555,10549200,,GM.US,General Motors,yahoo-finance-chart
2021-07-29,57.0,57.7400016784668,56.81999969482422,57.279998779296875,55.135032653808594,15439000,,GM.US,General Motors,yahoo-finance-chart
2021-07-30,56.720001220703125,57.810001373291016,56.619998931884766,56.84000015258789,54.71150588989258,13185500,,GM.US,General Motors,yahoo-finance-chart
2021-08-02,57.369998931884766,58.599998474121094,56.880001068115234,57.029998779296875,54.89438247680664,12397500,,GM.US,General Motors,yahoo-finance-chart
2021-08-03,57.470001220703125,57.959999084472656,56.61000061035156,57.880001068115234,55.71255874633789,12273500,,GM.US,General Motors,yahoo-finance-chart
2021-08-04,55.22999954223633,55.45000076293945,52.209999084472656,52.720001220703125,50.74578857421875,67667200,,GM.US,General Motors,yahoo-finance-chart
2021-08-05,53.86000061035156,54.880001068115234,53.54999923706055,54.439998626708984,52.4013786315918,28571400,,GM.US,General Motors,yahoo-finance-chart
2021-08-06,54.810001373291016,55.349998474121094,54.2599983215332,55.04999923706055,52.9885368347168,14970100,,GM.US,General Motors,yahoo-finance-chart
2021-08-09,54.27000045776367,54.369998931884766,53.400001525878906,53.95000076293945,51.92973709106445,16080000,,GM.US,General Motors,yahoo-finance-chart
2021-08-10,54.0,54.380001068115234,53.65999984741211,54.2599983215332,52.228118896484375,14479100,,GM.US,General Motors,yahoo-finance-chart
2021-08-11,54.41999816894531,54.5,53.45000076293945,54.27000045776367,52.23775100708008,15814600,,GM.US,General Motors,yahoo-finance-chart
2021-08-12,54.439998626708984,55.040000915527344,54.189998626708984,54.619998931884766,52.57463836669922,10760900,,GM.US,General Motors,yahoo-finance-chart
2021-08-13,54.560001373291016,54.709999084472656,53.59000015258789,53.650001525878906,51.64096450805664,11849200,,GM.US,General Motors,yahoo-finance-chart
2021-08-16,53.0099983215332,53.2599983215332,52.4900016784668,52.95000076293945,50.96718215942383,17019000,,GM.US,General Motors,yahoo-finance-chart
2021-08-17,51.97999954223633,52.08000183105469,50.20000076293945,50.470001220703125,48.58005142211914,28477800,,GM.US,General Motors,yahoo-finance-chart
2021-08-18,50.529998779296875,51.4900016784668,50.400001525878906,50.84000015258789,48.93619918823242,15271400,,GM.US,General Motors,yahoo-finance-chart
2021-08-19,50.0,50.220001220703125,48.66999816894531,49.08000183105469,47.24209976196289,23387300,,GM.US,General Motors,yahoo-finance-chart
2021-08-20,48.959999084472656,49.13999938964844,48.349998474121094,48.79999923706055,46.97257995605469,16898400,,GM.US,General Motors,yahoo-finance-chart
2021-08-23,48.15999984741211,48.349998474121094,47.06999969482422,48.18000030517578,46.375797271728516,30149200,,GM.US,General Motors,yahoo-finance-chart
2021-08-24,48.5,49.869998931884766,48.22999954223633,49.56999969482422,47.71375274658203,21394700,,GM.US,General Motors,yahoo-finance-chart
2021-08-25,49.4900016784668,49.93000030517578,49.15999984741211,49.70000076293945,47.83888626098633,14406600,,GM.US,General Motors,yahoo-finance-chart
2021-08-26,49.470001220703125,49.470001220703125,48.52000045776367,48.619998931884766,46.79932403564453,16599200,,GM.US,General Motors,yahoo-finance-chart
2021-08-27,48.75,50.06999969482422,48.65999984741211,49.79999923706055,47.93513107299805,14874300,,GM.US,General Motors,yahoo-finance-chart
2021-08-30,49.95000076293945,49.95000076293945,48.95000076293945,49.16999816894531,47.32872772216797,13709000,,GM.US,General Motors,yahoo-finance-chart
2021-08-31,49.16999816894531,49.43000030517578,48.66999816894531,49.0099983215332,47.174713134765625,14293100,,GM.US,General Motors,yahoo-finance-chart
2021-09-01,49.099998474121094,49.63999938964844,48.68000030517578,49.11000061035156,47.270973205566406,10982100,,GM.US,General Motors,yahoo-finance-chart
2021-09-02,49.150001525878906,49.5,48.810001373291016,48.95000076293945,47.116973876953125,13349300,,GM.US,General Motors,yahoo-finance-chart
2021-09-03,48.79999923706055,49.0,48.41999816894531,48.81999969482422,46.99183654785156,9932500,,GM.US,General Motors,yahoo-finance-chart
2021-09-07,48.4900016784668,49.22999954223633,48.41999816894531,48.720001220703125,46.89558029174805,12309900,,GM.US,General Motors,yahoo-finance-chart
2021-09-08,48.63999938964844,49.52000045776367,48.41999816894531,48.970001220703125,47.1362190246582,11136300,,GM.US,General Motors,yahoo-finance-chart
2021-09-09,48.95000076293945,48.95000076293945,47.79999923706055,48.41999816894531,46.606815338134766,13739500,,GM.US,General Motors,yahoo-finance-chart
2021-09-10,48.689998626708984,50.41999816894531,48.689998626708984,49.4900016784668,47.63674545288086,22774700,,GM.US,General Motors,yahoo-finance-chart
2021-09-13,50.11000061035156,50.95000076293945,49.599998474121094,50.81999969482422,48.91693878173828,18506500,,GM.US,General Motors,yahoo-finance-chart
2021-09-14,51.220001220703125,51.41999816894531,50.5,50.7400016784668,48.83993911743164,12587300,,GM.US,General Motors,yahoo-finance-chart
2021-09-15,50.790000915527344,51.93000030517578,50.540000915527344,51.81999969482422,49.879493713378906,13658500,,GM.US,General Motors,yahoo-finance-chart
2021-09-16,51.59000015258789,51.900001525878906,50.90999984741211,51.52000045776367,49.590728759765625,12617300,,GM.US,General Motors,yahoo-finance-chart
2021-09-17,51.33000183105469,51.93000030517578,50.9900016784668,51.33000183105469,49.407840728759766,45115700,,GM.US,General Motors,yahoo-finance-chart
2021-09-20,49.45000076293945,49.540000915527344,48.369998931884766,49.369998931884766,47.521236419677734,24540600,,GM.US,General Motors,yahoo-finance-chart
2021-09-21,49.56999969482422,49.779998779296875,48.790000915527344,49.369998931884766,47.521236419677734,14172700,,GM.US,General Motors,yahoo-finance-chart
2021-09-22,50.029998779296875,51.220001220703125,50.029998779296875,50.779998779296875,48.87843704223633,14038300,,GM.US,General Motors,yahoo-finance-chart
2021-09-23,51.099998474121094,52.08000183105469,51.040000915527344,51.91999816894531,49.97574234008789,14043200,,GM.US,General Motors,yahoo-finance-chart
2021-09-24,51.880001068115234,52.630001068115234,51.720001220703125,52.22999954223633,50.27414321899414,11643500,,GM.US,General Motors,yahoo-finance-chart
2021-09-27,52.40999984741211,53.56999969482422,52.380001068115234,53.2400016784668,51.24632263183594,13861400,,GM.US,General Motors,yahoo-finance-chart
2021-09-28,53.77000045776367,54.209999084472656,52.70000076293945,52.849998474121094,50.87092590332031,16422900,,GM.US,General Motors,yahoo-finance-chart
2021-09-29,53.29999923706055,53.36000061035156,52.529998779296875,52.93000030517578,50.94792175292969,10881100,,GM.US,General Motors,yahoo-finance-chart
2021-09-30,52.93000030517578,53.20000076293945,52.18000030517578,52.709999084472656,50.73616409301758,16324300,,GM.US,General Motors,yahoo-finance-chart
2021-10-01,53.029998779296875,53.380001068115234,52.25,53.130001068115234,51.140438079833984,16660400,,GM.US,General Motors,yahoo-finance-chart
2021-10-04,54.900001525878906,55.63999938964844,53.68000030517578,53.97999954223633,51.9586067199707,29206700,,GM.US,General Motors,yahoo-finance-chart
2021-10-05,54.189998626708984,54.7400016784668,53.650001525878906,54.34000015258789,52.30513000488281,18201500,,GM.US,General Motors,yahoo-finance-chart
2021-10-06,54.4900016784668,55.5,53.150001525878906,53.93000030517578,51.91047668457031,29520800,,GM.US,General Motors,yahoo-finance-chart
2021-10-07,54.849998474121094,56.7400016784668,54.439998626708984,56.439998626708984,54.32648849487305,31006000,,GM.US,General Motors,yahoo-finance-chart
2021-10-08,56.540000915527344,59.209999084472656,56.380001068115234,58.56999969482422,56.37672805786133,33724900,,GM.US,General Motors,yahoo-finance-chart
2021-10-11,58.790000915527344,59.349998474121094,57.77000045776367,58.09000015258789,55.91469955444336,17665700,,GM.US,General Motors,yahoo-finance-chart
2021-10-12,58.52000045776367,59.33000183105469,57.86000061035156,58.959999084472656,56.75212860107422,17095000,,GM.US,General Motors,yahoo-finance-chart
2021-10-13,58.939998626708984,58.939998626708984,57.08000183105469,57.77000045776367,55.6066780090332,18813800,,GM.US,General Motors,yahoo-finance-chart
2021-10-14,58.099998474121094,58.290000915527344,57.45000076293945,57.689998626708984,55.52968215942383,11450100,,GM.US,General Motors,yahoo-finance-chart
2021-10-15,58.34000015258789,58.709999084472656,57.849998474121094,58.0,55.82807159423828,12914600,,GM.US,General Motors,yahoo-finance-chart
2021-10-18,57.40999984741211,57.58000183105469,56.849998474121094,56.88999938964844,54.759639739990234,12667900,,GM.US,General Motors,yahoo-finance-chart
2021-10-19,57.0,57.060001373291016,56.529998779296875,56.849998474121094,54.721134185791016,10589000,,GM.US,General Motors,yahoo-finance-chart
2021-10-20,56.36000061035156,58.2400016784668,56.220001220703125,57.66999816894531,55.51042938232422,13399900,,GM.US,General Motors,yahoo-finance-chart
2021-10-21,58.0,58.66999816894531,57.72999954223633,58.40999984741211,56.222721099853516,11585400,,GM.US,General Motors,yahoo-finance-chart
2021-10-22,58.369998931884766,58.70000076293945,57.63999938964844,57.77000045776367,55.6066780090332,11077600,,GM.US,General Motors,yahoo-finance-chart
2021-10-25,58.04999923706055,58.310001373291016,56.84000015258789,57.7599983215332,55.5970573425293,14151000,,GM.US,General Motors,yahoo-finance-chart
2021-10-26,58.02000045776367,58.29999923706055,56.959999084472656,57.369998931884766,55.22166061401367,16335800,,GM.US,General Motors,yahoo-finance-chart
2021-10-27,55.599998474121094,55.7599983215332,54.15999984741211,54.2599983215332,52.228118896484375,36397600,,GM.US,General Motors,yahoo-finance-chart
2021-10-28,54.599998474121094,55.58000183105469,54.060001373291016,54.2400016784668,52.20886993408203,23020300,,GM.US,General Motors,yahoo-finance-chart
2021-10-29,53.900001525878906,55.040000915527344,53.61000061035156,54.43000030517578,52.391754150390625,16680700,,GM.US,General Motors,yahoo-finance-chart
2021-11-01,54.849998474121094,55.7400016784668,54.41999816894531,55.4900016784668,53.41205978393555,15677600,,GM.US,General Motors,yahoo-finance-chart
2021-11-02,55.029998779296875,55.97999954223633,54.68000030517578,55.59000015258789,53.508323669433594,16377500,,GM.US,General Motors,yahoo-finance-chart
2021-11-03,55.2599983215332,56.16999816894531,55.09000015258789,56.0,53.9029655456543,14419400,,GM.US,General Motors,yahoo-finance-chart
2021-11-04,56.470001220703125,58.77000045776367,56.27000045776367,58.63999938964844,56.44410705566406,24026100,,GM.US,General Motors,yahoo-finance-chart
2021-11-05,59.150001525878906,59.349998474121094,58.04999923706055,58.52000045776367,56.3286018371582,16302200,,GM.US,General Motors,yahoo-finance-chart
2021-11-08,58.7599983215332,60.33000183105469,58.47999954223633,59.599998474121094,57.36815643310547,14385500,,GM.US,General Motors,yahoo-finance-chart
2021-11-09,59.810001373291016,59.93000030517578,57.810001373291016,58.619998931884766,56.42485046386719,13822900,,GM.US,General Motors,yahoo-finance-chart
2021-11-10,57.849998474121094,60.560001373291016,57.72999954223633,59.27000045776367,57.05051803588867,22778600,,GM.US,General Motors,yahoo-finance-chart
2021-11-11,59.81999969482422,62.150001525878906,59.310001373291016,61.81999969482422,59.50502395629883,29033900,,GM.US,General Motors,yahoo-finance-chart
2021-11-12,61.59000015258789,64.02999877929688,61.279998779296875,63.400001525878906,61.025856018066406,31152400,,GM.US,General Motors,yahoo-finance-chart
2021-11-15,63.65999984741211,63.72999954223633,62.630001068115234,62.970001220703125,60.61195755004883,14372100,,GM.US,General Motors,yahoo-finance-chart
2021-11-16,63.2400016784668,63.279998779296875,61.93000030517578,62.61000061035156,60.265445709228516,16115000,,GM.US,General Motors,yahoo-finance-chart
2021-11-17,63.33000183105469,65.06999969482422,62.380001068115234,64.61000061035156,62.190547943115234,29983400,,GM.US,General Motors,yahoo-finance-chart
2021-11-18,64.33000183105469,65.18000030517578,62.09000015258789,62.33000183105469,59.99592590332031,23308100,,GM.US,General Motors,yahoo-finance-chart
2021-11-19,62.47999954223633,62.970001220703125,61.560001373291016,61.79999923706055,59.48577117919922,19520600,,GM.US,General Motors,yahoo-finance-chart
2021-11-22,61.95000076293945,64.95999908447266,61.7599983215332,64.05999755859375,61.6611442565918,19836200,,GM.US,General Motors,yahoo-finance-chart
2021-11-23,63.72999954223633,64.04000091552734,62.2599983215332,63.04999923706055,60.68897247314453,16225100,,GM.US,General Motors,yahoo-finance-chart
2021-11-24,62.29999923706055,62.599998474121094,61.630001068115234,62.189998626708984,59.86116027832031,12685000,,GM.US,General Motors,yahoo-finance-chart
2021-11-26,59.79999923706055,60.56999969482422,59.459999084472656,60.16999816894531,57.91680908203125,13272600,,GM.US,General Motors,yahoo-finance-chart
2021-11-29,61.11000061035156,61.540000915527344,59.650001525878906,59.86000061035156,57.618412017822266,15033100,,GM.US,General Motors,yahoo-finance-chart
2021-11-30,59.20000076293945,59.84000015258789,57.439998626708984,57.869998931884766,55.70294189453125,21282200,,GM.US,General Motors,yahoo-finance-chart
2021-12-01,59.25,60.59000015258789,58.0099983215332,58.060001373291016,55.88582992553711,26353700,,GM.US,General Motors,yahoo-finance-chart
2021-12-02,58.75,61.29999923706055,58.70000076293945,61.02000045776367,58.7349853515625,25365100,,GM.US,General Motors,yahoo-finance-chart
2021-12-03,61.2400016784668,61.689998626708984,58.869998931884766,59.709999084472656,57.47403335571289,19596100,,GM.US,General Motors,yahoo-finance-chart
2021-12-06,60.470001220703125,60.72999954223633,58.70000076293945,59.84000015258789,57.59916687011719,16728200,,GM.US,General Motors,yahoo-finance-chart
2021-12-07,60.90999984741211,62.380001068115234,60.70000076293945,61.529998779296875,59.22587203979492,14135700,,GM.US,General Motors,yahoo-finance-chart
2021-12-08,61.650001525878906,61.810001373291016,60.41999816894531,60.779998779296875,58.50396728515625,10004100,,GM.US,General Motors,yahoo-finance-chart
2021-12-09,60.380001068115234,60.630001068115234,59.59000015258789,59.619998931884766,57.38740539550781,12964800,,GM.US,General Motors,yahoo-finance-chart
2021-12-10,60.099998474121094,63.290000915527344,60.099998474121094,63.209999084472656,60.84296798706055,22839800,,GM.US,General Motors,yahoo-finance-chart
2021-12-13,62.06999969482422,62.18000030517578,59.02000045776367,59.130001068115234,56.9157600402832,27327000,,GM.US,General Motors,yahoo-finance-chart
2021-12-14,57.970001220703125,59.20000076293945,57.70000076293945,58.400001525878906,56.21309280395508,17928700,,GM.US,General Motors,yahoo-finance-chart
2021-12-15,58.29999923706055,58.88999938964844,57.040000915527344,58.61000061035156,56.415225982666016,14471600,,GM.US,General Motors,yahoo-finance-chart
2021-12-16,59.400001525878906,60.619998931884766,58.029998779296875,58.38999938964844,56.203468322753906,17772200,,GM.US,General Motors,yahoo-finance-chart
2021-12-17,56.20000076293945,56.38999938964844,54.5099983215332,55.15999984741211,53.09440994262695,42175800,,GM.US,General Motors,yahoo-finance-chart
2021-12-20,54.02000045776367,54.540000915527344,53.13999938964844,54.040000915527344,52.016357421875,19073900,,GM.US,General Motors,yahoo-finance-chart
2021-12-21,54.5,54.900001525878906,53.84000015258789,54.790000915527344,52.738277435302734,15571300,,GM.US,General Motors,yahoo-finance-chart
2021-12-22,54.790000915527344,56.349998474121094,54.75,56.08000183105469,53.97996520996094,16694000,,GM.US,General Motors,yahoo-finance-chart
2021-12-23,56.06999969482422,57.09000015258789,55.77000045776367,56.90999984741211,54.77888107299805,13722300,,GM.US,General Motors,yahoo-finance-chart
2021-12-27,56.88999938964844,57.75,56.529998779296875,57.43000030517578,55.279422760009766,9078900,,GM.US,General Motors,yahoo-finance-chart
2021-12-28,57.400001525878906,58.119998931884766,57.0099983215332,57.11000061035156,54.971405029296875,8577700,,GM.US,General Motors,yahoo-finance-chart
2021-12-29,57.11000061035156,57.70000076293945,56.7400016784668,57.22999954223633,55.086910247802734,7982300,,GM.US,General Motors,yahoo-finance-chart
2021-12-30,57.45000076293945,58.779998779296875,57.2599983215332,58.130001068115234,55.95320129394531,11965900,,GM.US,General Motors,yahoo-finance-chart
2021-12-31,58.0,59.04999923706055,57.91999816894531,58.630001068115234,56.434478759765625,9856300,,GM.US,General Motors,yahoo-finance-chart
2022-01-03,59.869998931884766,61.56999969482422,59.7400016784668,61.16999816894531,58.87936782836914,20980200,,GM.US,General Motors,yahoo-finance-chart
2022-01-04,61.959999084472656,65.9800033569336,61.959999084472656,65.73999786376953,63.278221130371094,44691300,,GM.US,General Motors,yahoo-finance-chart
2022-01-05,65.5199966430664,67.20999908447266,62.599998474121094,62.7400016784668,60.39057159423828,43578700,,GM.US,General Motors,yahoo-finance-chart
2022-01-06,63.16999816894531,63.5,61.66999816894531,62.869998931884766,60.51569747924805,20650900,,GM.US,General Motors,yahoo-finance-chart
2022-01-07,63.810001373291016,63.90999984741211,61.41999816894531,62.27000045776367,59.93817901611328,17136100,,GM.US,General Motors,yahoo-finance-chart
2022-01-10,61.52000045776367,62.0,60.040000915527344,61.06999969482422,58.78310012817383,18980400,,GM.US,General Motors,yahoo-finance-chart
2022-01-11,61.25,61.560001373291016,60.150001525878906,61.459999084472656,59.15850067138672,16463800,,GM.US,General Motors,yahoo-finance-chart
2022-01-12,62.470001220703125,62.720001220703125,59.63999938964844,61.029998779296875,58.74460220336914,20215000,,GM.US,General Motors,yahoo-finance-chart
2022-01-13,61.45000076293945,63.380001068115234,61.150001525878906,61.77000045776367,59.4568977355957,19283000,,GM.US,General Motors,yahoo-finance-chart
2022-01-14,61.099998474121094,61.77000045776367,59.9900016784668,61.099998474121094,58.811981201171875,16180300,,GM.US,General Motors,yahoo-finance-chart
2022-01-18,60.130001068115234,60.349998474121094,58.540000915527344,58.790000915527344,56.5884895324707,18299100,,GM.US,General Motors,yahoo-finance-chart
2022-01-19,59.310001373291016,59.84000015258789,56.130001068115234,56.2400016784668,54.13398361206055,20576000,,GM.US,General Motors,yahoo-finance-chart
2022-01-20,56.02000045776367,57.33000183105469,54.41999816894531,54.650001525878906,52.603519439697266,21554100,,GM.US,General Motors,yahoo-finance-chart
2022-01-21,54.52000045776367,54.70000076293945,52.689998626708984,53.279998779296875,51.284812927246094,25692800,,GM.US,General Motors,yahoo-finance-chart
2022-01-24,51.400001525878906,52.65999984741211,49.369998931884766,52.63999938964844,50.668785095214844,32931800,,GM.US,General Motors,yahoo-finance-chart
2022-01-25,51.599998474121094,52.5099983215332,50.81999969482422,51.900001525878906,49.95650100708008,22164500,,GM.US,General Motors,yahoo-finance-chart
2022-01-26,53.56999969482422,53.9900016784668,51.470001220703125,52.349998474121094,50.38964080810547,23174300,,GM.US,General Motors,yahoo-finance-chart
2022-01-27,52.849998474121094,53.349998474121094,51.06999969482422,51.45000076293945,49.523353576660156,21357400,,GM.US,General Motors,yahoo-finance-chart
2022-01-28,51.25,51.25,49.2400016784668,50.2400016784668,48.35866165161133,26732600,,GM.US,General Motors,yahoo-finance-chart
2022-01-31,50.5,52.75,49.970001220703125,52.72999954223633,50.75542068481445,20255200,,GM.US,General Motors,yahoo-finance-chart
2022-02-01,52.849998474121094,54.2400016784668,52.119998931884766,54.06999969482422,52.04523468017578,23169600,,GM.US,General Motors,yahoo-finance-chart
2022-02-02,54.91999816894531,55.54999923706055,51.68000030517578,53.5,51.496585845947266,34371700,,GM.US,General Motors,yahoo-finance-chart
2022-02-03,52.599998474121094,54.41999816894531,52.54999923706055,53.11000061035156,51.12118911743164,23751800,,GM.US,General Motors,yahoo-finance-chart
2022-02-04,51.619998931884766,51.849998474121094,50.52000045776367,51.290000915527344,49.36933517456055,22794900,,GM.US,General Motors,yahoo-finance-chart
2022-02-07,51.4900016784668,52.0,50.52000045776367,50.709999084472656,48.811058044433594,18046500,,GM.US,General Motors,yahoo-finance-chart
2022-02-08,48.7400016784668,49.880001068115234,47.58000183105469,49.459999084472656,47.60786819458008,38629700,,GM.US,General Motors,yahoo-finance-chart
2022-02-09,50.310001373291016,51.68000030517578,50.15999984741211,50.720001220703125,48.820682525634766,24290800,,GM.US,General Motors,yahoo-finance-chart
2022-02-10,49.72999954223633,51.790000915527344,49.599998474121094,50.34000015258789,48.454917907714844,17017600,,GM.US,General Motors,yahoo-finance-chart
2022-02-11,50.63999938964844,50.970001220703125,48.540000915527344,48.83000183105469,47.00146484375,20183800,,GM.US,General Motors,yahoo-finance-chart
2022-02-14,48.869998931884766,49.189998626708984,48.0,48.400001525878906,46.58756637573242,17549800,,GM.US,General Motors,yahoo-finance-chart
2022-02-15,49.36000061035156,49.90999984741211,48.93000030517578,49.66999816894531,47.81000518798828,15238500,,GM.US,General Motors,yahoo-finance-chart
2022-02-16,49.43000030517578,50.56999969482422,49.2599983215332,50.43000030517578,48.541542053222656,13865500,,GM.US,General Motors,yahoo-finance-chart
2022-02-17,49.810001373291016,49.849998474121094,48.65999984741211,48.81999969482422,46.99183654785156,13482800,,GM.US,General Motors,yahoo-finance-chart
2022-02-18,48.91999816894531,49.209999084472656,47.91999816894531,48.599998474121094,46.78007125854492,16615900,,GM.US,General Motors,yahoo-finance-chart
2022-02-22,47.779998779296875,47.939998626708984,46.15999984741211,46.77000045776367,45.01860427856445,19620300,,GM.US,General Motors,yahoo-finance-chart
2022-02-23,47.2599983215332,48.29999923706055,46.2599983215332,46.380001068115234,44.6431999206543,13667700,,GM.US,General Motors,yahoo-finance-chart
2022-02-24,44.150001525878906,46.40999984741211,43.90999984741211,46.349998474121094,44.61433029174805,21003700,,GM.US,General Motors,yahoo-finance-chart
2022-02-25,46.349998474121094,47.47999954223633,45.849998474121094,47.43000030517578,45.65388488769531,13465100,,GM.US,General Motors,yahoo-finance-chart
2022-02-28,46.2400016784668,47.119998931884766,45.84000015258789,46.720001220703125,44.97047424316406,18226700,,GM.US,General Motors,yahoo-finance-chart
2022-03-01,46.02000045776367,46.15999984741211,44.15999984741211,44.52000045776367,42.85285568237305,21534200,,GM.US,General Motors,yahoo-finance-chart
2022-03-02,44.68000030517578,46.599998474121094,44.560001373291016,46.31999969482422,44.58544921875,19006400,,GM.US,General Motors,yahoo-finance-chart
2022-03-03,46.209999084472656,46.7400016784668,44.61000061035156,44.900001525878906,43.21863555908203,18956300,,GM.US,General Motors,yahoo-finance-chart
2022-03-04,44.029998779296875,44.15999984741211,41.9900016784668,42.400001525878906,40.81224822998047,26534700,,GM.US,General Motors,yahoo-finance-chart
2022-03-07,42.290000915527344,42.439998626708984,39.75,39.83000183105469,38.3384895324707,25949900,,GM.US,General Motors,yahoo-finance-chart
2022-03-08,40.84000015258789,42.310001373291016,39.959999084472656,40.20000076293945,38.69462966918945,24145100,,GM.US,General Motors,yahoo-finance-chart
2022-03-09,42.2599983215332,42.86000061035156,41.79999923706055,42.279998779296875,40.69672775268555,21309000,,GM.US,General Motors,yahoo-finance-chart
2022-03-10,41.40999984741211,42.22999954223633,40.849998474121094,41.849998474121094,40.282833099365234,17991200,,GM.US,General Motors,yahoo-finance-chart
2022-03-11,42.08000183105469,42.34000015258789,41.47999954223633,41.5099983215332,39.955570220947266,13617900,,GM.US,General Motors,yahoo-finance-chart
2022-03-14,41.7400016784668,42.43000030517578,40.369998931884766,40.83000183105469,39.30103302001953,18914000,,GM.US,General Motors,yahoo-finance-chart
2022-03-15,40.83000183105469,42.25,40.79999923706055,42.130001068115234,40.5523567199707,16051000,,GM.US,General Motors,yahoo-finance-chart
2022-03-16,43.0,44.16999816894531,42.369998931884766,43.849998474121094,42.207950592041016,17014500,,GM.US,General Motors,yahoo-finance-chart
2022-03-17,42.91999816894531,43.83000183105469,42.599998474121094,43.65999984741211,42.025062561035156,13909000,,GM.US,General Motors,yahoo-finance-chart
2022-03-18,43.22999954223633,45.040000915527344,43.130001068115234,44.81999969482422,43.141624450683594,19834400,,GM.US,General Motors,yahoo-finance-chart
2022-03-21,44.279998779296875,44.66999816894531,43.220001220703125,43.61000061035156,41.976932525634766,17903900,,GM.US,General Motors,yahoo-finance-chart
2022-03-22,44.2400016784668,45.27000045776367,44.09000015258789,44.560001373291016,42.891361236572266,14703000,,GM.US,General Motors,yahoo-finance-chart
2022-03-23,44.0,44.52000045776367,43.77000045776367,43.779998779296875,42.14057159423828,15142300,,GM.US,General Motors,yahoo-finance-chart
2022-03-24,44.04999923706055,44.86000061035156,43.95000076293945,44.349998474121094,42.689231872558594,11106200,,GM.US,General Motors,yahoo-finance-chart
2022-03-25,44.279998779296875,44.310001373291016,43.400001525878906,43.650001525878906,42.01544189453125,10351200,,GM.US,General Motors,yahoo-finance-chart
2022-03-28,43.900001525878906,44.25,43.279998779296875,44.220001220703125,42.564090728759766,12175200,,GM.US,General Motors,yahoo-finance-chart
2022-03-29,45.40999984741211,46.7400016784668,45.2400016784668,46.2599983215332,44.52769470214844,16784100,,GM.US,General Motors,yahoo-finance-chart
2022-03-30,45.63999938964844,46.029998779296875,45.040000915527344,45.220001220703125,43.52664566040039,12818800,,GM.US,General Motors,yahoo-finance-chart
2022-03-31,44.84000015258789,44.900001525878906,43.7400016784668,43.7400016784668,42.10206985473633,17335000,,GM.US,General Motors,yahoo-finance-chart
2022-04-01,44.15999984741211,44.45000076293945,42.40999984741211,42.959999084472656,41.35127258300781,16791500,,GM.US,General Motors,yahoo-finance-chart
2022-04-04,43.27000045776367,43.41999816894531,42.529998779296875,43.18000030517578,41.56303405761719,12593000,,GM.US,General Motors,yahoo-finance-chart
2022-04-05,42.959999084472656,43.15999984741211,41.31999969482422,41.41999816894531,39.86894226074219,19853900,,GM.US,General Motors,yahoo-finance-chart
2022-04-06,40.790000915527344,41.33000183105469,39.47999954223633,39.5,38.020843505859375,29254900,,GM.US,General Motors,yahoo-finance-chart
2022-04-07,39.290000915527344,39.529998779296875,37.599998474121094,38.720001220703125,37.270050048828125,28297600,,GM.US,General Motors,yahoo-finance-chart
2022-04-08,38.349998474121094,40.04999923706055,38.16999816894531,39.349998474121094,37.876461029052734,22086800,,GM.US,General Motors,yahoo-finance-chart
2022-04-11,38.810001373291016,41.34000015258789,38.689998626708984,40.33000183105469,38.819759368896484,25015300,,GM.US,General Motors,yahoo-finance-chart
2022-04-12,40.61000061035156,40.779998779296875,39.63999938964844,40.040000915527344,38.54062271118164,17212800,,GM.US,General Motors,yahoo-finance-chart
2022-04-13,39.619998931884766,40.45000076293945,39.54999923706055,40.220001220703125,38.7138786315918,10897600,,GM.US,General Motors,yahoo-finance-chart
2022-04-14,40.150001525878906,40.779998779296875,40.09000015258789,40.130001068115234,38.627254486083984,13315700,,GM.US,General Motors,yahoo-finance-chart
2022-04-18,40.130001068115234,40.93000030517578,39.95000076293945,40.630001068115234,39.10852813720703,11798000,,GM.US,General Motors,yahoo-finance-chart
2022-04-19,40.810001373291016,42.189998626708984,40.810001373291016,42.08000183105469,40.50423049926758,13852800,,GM.US,General Motors,yahoo-finance-chart
2022-04-20,42.25,43.2400016784668,41.689998626708984,41.720001220703125,40.15769958496094,12989800,,GM.US,General Motors,yahoo-finance-chart
2022-04-21,42.7599983215332,43.0,40.560001373291016,40.709999084472656,39.185523986816406,12544000,,GM.US,General Motors,yahoo-finance-chart
2022-04-22,40.459999084472656,40.7400016784668,39.779998779296875,39.84000015258789,38.34811782836914,17718400,,GM.US,General Motors,yahoo-finance-chart
2022-04-25,39.349998474121094,39.9900016784668,38.66999816894531,39.81999969482422,38.328857421875,18704400,,GM.US,General Motors,yahoo-finance-chart
2022-04-26,39.220001220703125,39.45000076293945,37.88999938964844,38.040000915527344,36.61551284790039,21679500,,GM.US,General Motors,yahoo-finance-chart
2022-04-27,38.290000915527344,39.52000045776367,37.70000076293945,38.65999984741211,37.21229934692383,19827700,,GM.US,General Motors,yahoo-finance-chart
2022-04-28,39.349998474121094,39.61000061035156,37.310001373291016,38.75,37.29893112182617,22795600,,GM.US,General Motors,yahoo-finance-chart
2022-04-29,38.810001373291016,39.41999816894531,37.779998779296875,37.90999984741211,36.49037170410156,16737800,,GM.US,General Motors,yahoo-finance-chart
2022-05-02,37.66999816894531,38.4900016784668,37.25,38.45000076293945,37.01016616821289,16119900,,GM.US,General Motors,yahoo-finance-chart
2022-05-03,39.31999969482422,40.27000045776367,38.81999969482422,39.939998626708984,38.44437026977539,19132700,,GM.US,General Motors,yahoo-finance-chart
2022-05-04,39.599998474121094,41.2400016784668,39.29999923706055,41.16999816894531,39.628299713134766,15813700,,GM.US,General Motors,yahoo-finance-chart
2022-05-05,40.31999969482422,40.75,39.349998474121094,39.95000076293945,38.4539909362793,15317100,,GM.US,General Motors,yahoo-finance-chart
2022-05-06,39.790000915527344,40.119998931884766,38.79999923706055,39.58000183105469,38.09785079956055,14684900,,GM.US,General Motors,yahoo-finance-chart
2022-05-09,38.97999954223633,40.220001220703125,38.08000183105469,38.2599983215332,36.8272819519043,18508800,,GM.US,General Motors,yahoo-finance-chart
2022-05-10,39.38999938964844,39.4900016784668,37.52000045776367,38.70000076293945,37.25080490112305,20206400,,GM.US,General Motors,yahoo-finance-chart
2022-05-11,38.779998779296875,39.439998626708984,37.16999816894531,37.27000045776367,35.87434768676758,18050800,,GM.US,General Motors,yahoo-finance-chart
2022-05-12,35.459999084472656,36.20000076293945,34.58000183105469,35.560001373291016,34.2283821105957,43172200,,GM.US,General Motors,yahoo-finance-chart
2022-05-13,36.18000030517578,38.4900016784668,36.06999969482422,38.209999084472656,36.77914047241211,22997300,,GM.US,General Motors,yahoo-finance-chart
2022-05-16,38.0099983215332,38.040000915527344,36.7599983215332,37.099998474121094,35.71071243286133,16512200,,GM.US,General Motors,yahoo-finance-chart
2022-05-17,38.029998779296875,38.54999923706055,37.349998474121094,38.099998474121094,36.67326354980469,15505700,,GM.US,General Motors,yahoo-finance-chart
2022-05-18,37.5,37.77000045776367,35.59000015258789,35.83000183105469,34.48827362060547,19255700,,GM.US,General Motors,yahoo-finance-chart
2022-05-19,35.380001068115234,36.650001525878906,35.150001525878906,36.119998931884766,34.76741027832031,15545100,,GM.US,General Motors,yahoo-finance-chart
